{
    "id": 10009,
    "title": "Brother Bear",
    "release_year": "2003",
    "genres": [
        "Adventure",
        "Animation",
        "Family"
    ],
    "average_rating": 7.265,
    "num_votes": 5428,
    "description": "When an impulsive boy named Kenai is magically transformed into a bear, he must literally walk in another's footsteps until he learns some valuable life lessons. His courageous and often zany journey introduces him to a forest full of wildlife, including the lovable bear cub Koda, hilarious moose Rutt and Tuke, woolly mammoths and rambunctious rams."
}