{
    "id": 1001026,
    "title": "Open Season",
    "release_year": "2023",
    "genres": [
        "Comedy"
    ],
    "average_rating": 5.954,
    "num_votes": 131,
    "description": "Flanked by their two children, Simon and Ad\u00e9la\u00efde decide, like many Parisians today, to leave their two-room apartment for a quieter and more comfortable life in the country. They are seduced by a house in the middle of nature: space, a vegetable garden, a wood adjoining their garden and above all villagers who welcome them with open arms. A dream come true! But the young couple was soon to be disillusioned: the wood was actually a hunting ground for big game! Although the hunters are friendly, they are not willing to give up their territory, making Simon and Ad\u00e9la\u00efde's dream of the countryside a living hell. But true to their reputation, our Parisians are not going to let them do it."
}