{
    "id": 1001736,
    "title": "Meet the Barbarians",
    "release_year": "2024",
    "genres": [
        "Comedy",
        "Drama"
    ],
    "average_rating": 6.219,
    "num_votes": 32,
    "description": "The municipality of a small Breton village has decided to welcome a family of Ukrainian refugees. To their surprise, they receive Fayad family \u2013 coming from Syria. They thwart all the clich\u00e9s that the French expected: they are friendly, refined, educated\u2026 So much so that, in this small, humming village, it is no longer clear which side the barbarians are on\u2026"
}