{
    "id": 10020,
    "title": "Beauty and the Beast",
    "release_year": "1991",
    "genres": [
        "Romance",
        "Family",
        "Animation",
        "Fantasy"
    ],
    "average_rating": 7.73,
    "num_votes": 10004,
    "description": "Follow the adventures of Belle, a bright young woman who finds herself in the castle of a prince who's been turned into a mysterious beast. With the help of the castle's enchanted staff, Belle soon learns the most important lesson of all -- that true beauty comes from within."
}