{
    "id": 10021,
    "title": "The Secret of My Success",
    "release_year": "1987",
    "genres": [
        "Comedy"
    ],
    "average_rating": 6.5,
    "num_votes": 625,
    "description": "Brantley Foster, a well-educated kid from Kansas, has always dreamed of making it big in New York, but once in New York, he learns that jobs - and girls - are hard to get. When Brantley visits his uncle, Howard Prescott, who runs a multi-million-dollar company, he is given a job in the company's mail room."
}