{
    "id": 10044,
    "title": "My Lucky Stars",
    "release_year": "1985",
    "genres": [
        "Action",
        "Comedy"
    ],
    "average_rating": 6.416,
    "num_votes": 202,
    "description": "Two Hong Kong cops are sent to Tokyo to catch an ex-cop who stole a large amount of money in diamonds. After one is captured by the Ninja-gang protecting the rogue cop, the other one gets his old Orphanage gang, dubbed the \"Five Lucky Stars,\" to help him. They don't like this much, but they do it."
}