{
    "id": 10069,
    "title": "Stay Alive",
    "release_year": "2006",
    "genres": [
        "Horror"
    ],
    "average_rating": 5.8,
    "num_votes": 754,
    "description": "After the brutal death of a friend, a group of friends find themselves in possession of a video-game called \"Stay Alive,\" a blood-curdling true story of a 17th century noblewoman known as the Blood Countess. After playing the game when they know they shouldn't, however, the friends realize that once they die in the game \u2014 they die for real!"
}