{
    "id": 10065,
    "title": "The Amityville Horror",
    "release_year": "2005",
    "genres": [
        "Horror"
    ],
    "average_rating": 6.1,
    "num_votes": 2185,
    "description": "George Lutz, his wife Kathy, and their three children have just moved into a beautiful, and improbably cheap, Dutch colonial mansion nestled in the sleepy coastal town of Amityville, Long Island. However, their dream home is concealing a horrific past and soon each member of the Lutz family is plagued with increasingly strange and violent visions and impulses."
}