{
    "id": 1007401,
    "title": "Mortal Kombat Legends: Snow Blind",
    "release_year": "2022",
    "genres": [
        "Animation",
        "Action",
        "Fantasy"
    ],
    "average_rating": 7.8,
    "num_votes": 190,
    "description": "Hellbent on taking over Earthrealm, Kano viciously attacks town after town with the aid of three cold-blooded Black Dragon mercenaries. Those who don\u2019t submit are annihilated but one young man won\u2019t bend the knee to Kano: Kenshi."
}