{
    "id": 10086,
    "title": "Man Bites Dog",
    "release_year": "1992",
    "genres": [
        "Comedy",
        "Crime"
    ],
    "average_rating": 7.215,
    "num_votes": 924,
    "description": "The activities of rampaging, indiscriminate serial killer Ben are recorded by a willingly complicit documentary team, who eventually become his accomplices and active participants. Ben provides casual commentary on the nature of his work and arbitrary musings on topics of interest to him, such as music or the conditions of low-income housing, and even goes so far as to introduce the documentary crew to his family. But their reckless indulgences soon get the better of them."
}