{
    "id": 10096,
    "title": "13 Going on 30",
    "release_year": "2004",
    "genres": [
        "Comedy",
        "Fantasy",
        "Romance"
    ],
    "average_rating": 6.752,
    "num_votes": 5145,
    "description": "A girl who's sick of the social strictures of junior high is transformed into a grownup overnight. In this feel-good fairy tale, teenager Jenna wants a boyfriend, and when she's unable to find one, she fantasizes about being a well-adjusted adult. Suddenly, her secret desire becomes a reality, and she is transformed into a 30-year-old, but adulthood, with its own set of male-female challenges, isn't as easy as it looks."
}