{
    "id": 101,
    "title": "L\u00e9on: The Professional",
    "release_year": "1994",
    "genres": [
        "Crime",
        "Drama",
        "Action"
    ],
    "average_rating": 8.306,
    "num_votes": 14917,
    "description": "L\u00e9on, the top hit man in New York, has earned a rep as an effective \"cleaner\". But when his next-door neighbors are wiped out by a loose-cannon DEA agent, he becomes the unwilling custodian of 12-year-old Mathilda. Before long, Mathilda's thoughts turn to revenge, and she considers following in L\u00e9on's footsteps."
}