{
    "id": 1011082,
    "title": "The Greatest Hits",
    "release_year": "2024",
    "genres": [
        "Drama",
        "Music",
        "Romance",
        "Fantasy"
    ],
    "average_rating": 6.623,
    "num_votes": 122,
    "description": "Harriet finds art imitating life when she discovers certain songs can transport her back in time \u2013 literally. While she relives the past through romantic memories of her former boyfriend, her time travelling collides with a burgeoning new love interest in the present. As she takes her journey through the hypnotic connection between music and memory, she wonders \u2013 even if she could change the past, should she?"
}