{
    "id": 1011516,
    "title": "The Present",
    "release_year": "2024",
    "genres": [
        "Comedy",
        "Fantasy",
        "Family"
    ],
    "average_rating": 6.2,
    "num_votes": 21,
    "description": "A brilliant boy discovers he can manipulate time using an enchanted family heirloom, then teaming up with his siblings to go back to the eve of their parents\u2019 separation in hopes of changing the outcome. As their schemes become more elaborate, the siblings will learn about family bonds and what they can and can\u2019t control."
}