{
    "id": 10112,
    "title": "The Aristocats",
    "release_year": "1970",
    "genres": [
        "Animation",
        "Comedy",
        "Family",
        "Adventure"
    ],
    "average_rating": 7.291,
    "num_votes": 5015,
    "description": "When Madame Adelaide Bonfamille leaves her fortune to Duchess and her children\u2014Bonfamille\u2019s beloved family of cats\u2014the butler plots to steal the money and kidnaps the legatees, leaving them out on a country road. All seems lost until the wily Thomas O\u2019Malley Cat and his jazz-playing alley cats come to the aristocats\u2019 rescue."
}