{
    "id": 10110,
    "title": "Empire of the Sun",
    "release_year": "1987",
    "genres": [
        "Drama",
        "History",
        "War"
    ],
    "average_rating": 7.5,
    "num_votes": 1920,
    "description": "Jamie Graham, a privileged English boy, is living in Shanghai when the Japanese invade and force all foreigners into prison camps. Jamie is captured with an American sailor, who looks out for him while they are in the camp together. Even though he is separated from his parents and in a hostile environment, Jamie maintains his dignity and youthful spirit, providing a beacon of hope for the others held captive with him."
}