{
    "id": 1013601,
    "title": "The Alto Knights",
    "release_year": "2025",
    "genres": [
        "Drama",
        "Crime"
    ],
    "average_rating": 0.0,
    "num_votes": 0,
    "description": "Two of New York's most notorious organized crime bosses, Frank Costello and Vito Genovese, vie for control of the city's streets. Once the best of friends, petty jealousies and a series of betrayals place them on a deadly collision course that will reshape the Mafia (and America) forever."
}