{
    "id": 1014590,
    "title": "Upgraded",
    "release_year": "2024",
    "genres": [
        "Romance",
        "Comedy"
    ],
    "average_rating": 7.211,
    "num_votes": 847,
    "description": "Ana is an ambitious intern dreaming of a career in the art world while trying to impress her demanding boss Claire. When she's upgraded to first class on a work trip, she meets handsome Will, who mistakes Ana for her boss\u2013 a white lie that sets off a glamorous chain of events, romance and opportunity, until her fib threatens to surface."
}