{
    "id": 10161,
    "title": "My Left Foot: The Story of Christy Brown",
    "release_year": "1989",
    "genres": [
        "Drama"
    ],
    "average_rating": 7.53,
    "num_votes": 924,
    "description": "No one expects much from Christy Brown, a boy with cerebral palsy born into a working-class Irish family. Though Christy is a spastic quadriplegic and essentially paralyzed, a miraculous event occurs when, at the age of 5, he demonstrates control of his left foot by using chalk to scrawl a word on the floor. With the help of his steely mother \u2014 and no shortage of grit and determination \u2014 Christy overcomes his infirmity to become a painter, poet and author."
}