{
    "id": 10166,
    "title": "The Witches",
    "release_year": "1990",
    "genres": [
        "Fantasy",
        "Family",
        "Horror"
    ],
    "average_rating": 6.9,
    "num_votes": 1258,
    "description": "A young boy named Luke and his grandmother go on vacation only to discover their hotel is hosting an international witch convention, where the Grand High Witch is unveiling her master plan to turn all children into mice. Will Luke fall victim to the witches' plot before he can stop them?"
}