{
    "id": 10184,
    "title": "He's Just Not That Into You",
    "release_year": "2009",
    "genres": [
        "Comedy",
        "Romance",
        "Drama"
    ],
    "average_rating": 6.584,
    "num_votes": 3735,
    "description": "If you've ever sat by the phone wondering why he said he would call, but didn't, or if you can't figure out why she doesn't want to sleep with you anymore, or why your relationship just isn't going to the next level... they're just not that into you.  Gigi just wants a man who says he'll call\u2014and does\u2014while Alex advises her to stop sitting by the phone. Beth wonders if she should call it off after years of committed singlehood with her boyfriend, Neil, but he doesn't think there's a single thing wrong with their unmarried life. Janine's not sure if she can trust her husband, Ben, who can't quite trust himself around Anna. Anna can't decide between the sexy married guy, or her straightforward, no-sparks standby, Conor, who can't get over the fact that he can't have her. And Mary, who's found an entire network of loving, supportive men, just needs to find one who's straight."
}