{
    "id": 1018332,
    "title": "The Caine Mutiny Court-Martial",
    "release_year": "2023",
    "genres": [
        "Drama",
        "War"
    ],
    "average_rating": 6.765,
    "num_votes": 98,
    "description": "Barney Greenwald, a skeptical lawyer, reluctantly defends an officer of the navy who took control of the Caine from its captain, Lt. Philip Francis Queeg, while caught in a violent sea storm. As the court-martial proceeds, however, Greenwald increasingly questions if it was truly a mutiny or rather the courageous acts of a group of sailors who could not trust their unstable leader."
}