{
    "id": 1019411,
    "title": "Space Cadet",
    "release_year": "2024",
    "genres": [
        "Comedy",
        "Romance"
    ],
    "average_rating": 5.4,
    "num_votes": 244,
    "description": "Tiffany \"Rex\" Simpson has always dreamed of going to space, and her \"doctored\" application lands her in NASA's ultra-competitive astronaut training program. In over her head, can this Florida girl rely on her quick wits, moxie and determination to get through training and into the cosmos before she blows her cover?"
}