{
    "id": 10195,
    "title": "Thor",
    "release_year": "2011",
    "genres": [
        "Adventure",
        "Fantasy",
        "Action"
    ],
    "average_rating": 6.8,
    "num_votes": 21234,
    "description": "Against his father Odin's will, The Mighty Thor - a powerful but arrogant warrior god - recklessly reignites an ancient war. Thor is cast down to Earth and forced to live among humans as punishment. Once here, Thor learns what it takes to be a true hero when the most dangerous villain of his world sends the darkest forces of Asgard to invade Earth."
}