{
    "id": 10192,
    "title": "Shrek Forever After",
    "release_year": "2010",
    "genres": [
        "Comedy",
        "Adventure",
        "Fantasy",
        "Animation",
        "Family"
    ],
    "average_rating": 6.38,
    "num_votes": 7401,
    "description": "A bored and domesticated Shrek pacts with deal-maker Rumpelstiltskin to get back to feeling like a real ogre again, but when he's duped and sent to a twisted version of Far Far Away\u2014where Rumpelstiltskin is king, ogres are hunted, and he and Fiona have never met\u2014he sets out to restore his world and reclaim his true love."
}