{
    "id": 1020394,
    "title": "The Squad: Home Run",
    "release_year": "2023",
    "genres": [
        "Action",
        "Thriller",
        "Crime",
        "Drama"
    ],
    "average_rating": 6.318,
    "num_votes": 132,
    "description": "Former Antigang legend Niels Cartier, known for his muscular and unconventional methods, left the force following an intervention that went wrong and led to the death of his wife. When the gang of bank robbers responsible for her death reappears eight years later, Niels won't let anyone stand in his way to seek revenge. Even if it means forming an explosive duo with his temperamental 14-year-old daughter."
}