{
    "id": 10200,
    "title": "The Day the Earth Stood Still",
    "release_year": "2008",
    "genres": [
        "Drama",
        "Science Fiction",
        "Thriller"
    ],
    "average_rating": 5.6,
    "num_votes": 3410,
    "description": "A representative of an alien race that went through drastic evolution to survive its own climate change, Klaatu comes to Earth to assess whether humanity can prevent the environmental damage they have inflicted on their own planet. When barred from speaking to the United Nations, he decides humankind shall be exterminated so the planet can survive."
}