{
    "id": 1020696,
    "title": "Play Dead",
    "release_year": "2022",
    "genres": [
        "Horror",
        "Thriller"
    ],
    "average_rating": 6.1,
    "num_votes": 156,
    "description": "Criminology student Chloe fakes her own death to break into a morgue, in order to retrieve a piece of evidence that ties her younger brother to a crime gone wrong. Once inside, she discovers that a sadistic coroner is using the corpses for his sick and twisted business, and when he realises that Chloe still has a pulse, a terrifying game of cat and mouse ensues."
}