{
    "id": 10215,
    "title": "Sliding Doors",
    "release_year": "1998",
    "genres": [
        "Comedy",
        "Drama",
        "Fantasy",
        "Romance"
    ],
    "average_rating": 6.562,
    "num_votes": 1320,
    "description": "London publicist Helen, effortlessly slides between parallel storylines that show what happens when she does or does not catch a train back to her apartment. Love. Romantic entanglements. Deception. Trust. Friendship. Comedy. All come into focus as the two stories shift back and forth, overlap and surprisingly converge."
}