{
    "id": 10210,
    "title": "A Midsummer Night's Dream",
    "release_year": "1999",
    "genres": [
        "Fantasy",
        "Comedy",
        "Romance"
    ],
    "average_rating": 6.389,
    "num_votes": 369,
    "description": "The lovely Hermia is to wed Demetrius, but she truly cares for Lysander. Hermia's friend, Helena, is in love with Demetrius, while other romantic entanglements abound in the woods, with married fairy rulers Titania and Oberon toying with various lovers and each other."
}