{
    "id": 1022787,
    "title": "Elio",
    "release_year": "2025",
    "genres": [
        "Animation",
        "Family",
        "Adventure",
        "Science Fiction",
        "Comedy"
    ],
    "average_rating": 0.0,
    "num_votes": 0,
    "description": "Elio, a space fanatic with an active imagination, finds himself on a cosmic misadventure where he must form new bonds with eccentric alien lifeforms, navigate a crisis of intergalactic proportions and somehow discover who he is truly meant to be."
}