{
    "id": 1022789,
    "title": "Inside Out 2",
    "release_year": "2024",
    "genres": [
        "Animation",
        "Adventure",
        "Comedy",
        "Family"
    ],
    "average_rating": 7.569,
    "num_votes": 5366,
    "description": "Teenager Riley's mind headquarters is undergoing a sudden demolition to make room for something entirely unexpected: new Emotions! Joy, Sadness, Anger, Fear and Disgust, who\u2019ve long been running a successful operation by all accounts, aren\u2019t sure how to feel when Anxiety shows up. And it looks like she\u2019s not alone."
}