{
    "id": 1023313,
    "title": "The Exorcist",
    "release_year": "2022",
    "genres": [
        "Horror"
    ],
    "average_rating": 6.2,
    "num_votes": 115,
    "description": "Ophelia, a young nun recently arriving in the town of San Ramon, is forced to perform an exorcism on a pregnant woman in danger of dying. Just when she thinks her possession has ended, she discovers that the evil presence hasn't disappeared yet. The director of the award-winning Here Comes the Devil and Late Phases adds a new twist to possession movies in one of this year's Latin American horror surprises."
}