{
    "id": 1027604,
    "title": "Princess Cursed in Time: Alchemist's Quest",
    "release_year": "2022",
    "genres": [
        "Family",
        "Fantasy",
        "Comedy"
    ],
    "average_rating": 6.926,
    "num_votes": 34,
    "description": "It follows young alchemist Am\u00e9lie as she acquires a magical power: partially influencing the flow of time. But she is split in time, and Am\u00e9lie from the present meets Am\u00e9liw from the past, who accompanies her every step of the way."
}