{
    "id": 1028725,
    "title": "Mutant: Ghost War Girl",
    "release_year": "2022",
    "genres": [
        "Science Fiction",
        "Action"
    ],
    "average_rating": 5.3,
    "num_votes": 52,
    "description": "Wu Qingqing is an agent of the International Security Alliance (to combat mutant crime) and is ordered to infiltrate Medusa Plastic Hospital to collect evidence of the secret research on genetic induction fluid by its direct consortium to create mutant fighters. Wu Qingqing successfully infiltrates, but was forced to inject a gene induction fluid."
}