{
    "id": 10307,
    "title": "Stigmata",
    "release_year": "1999",
    "genres": [
        "Horror",
        "Thriller",
        "Fantasy"
    ],
    "average_rating": 6.26,
    "num_votes": 1102,
    "description": "A young woman with no strong religious beliefs, Frankie Paige begins having strange and violent experiences, showing signs of the wounds that Jesus received when crucified. When the Vatican gets word of Frankie's situation, a high-ranking cardinal requests that the Rev. Andrew Kiernan investigate her case. Soon Kiernan realizes that very sinister forces are at work, and tries to rescue Frankie from the entity that is plaguing her."
}