{
    "id": 1030076,
    "title": "Padre no hay m\u00e1s que uno 4: Campanas de boda",
    "release_year": "2024",
    "genres": [
        "Family",
        "Comedy"
    ],
    "average_rating": 6.947,
    "num_votes": 76,
    "description": "The eldest of the family, Sara, comes of age and brings chaos to the family by announcing her intention to marry Ocho. Javier and Marisa try to avoid it at all costs. At the same time Dani has an existential crisis, Paulita feels jealous of Cris, Carlota announces that she has found a boyfriend from a high society family and Rocio has finally managed to be cast in her first film."
}