{
    "id": 10339,
    "title": "Moby Dick",
    "release_year": "1956",
    "genres": [
        "Adventure",
        "Drama"
    ],
    "average_rating": 7.0,
    "num_votes": 417,
    "description": "In 1841, young Ishmael signs up for service aboard the Pequod, a whaler sailing out of New Bedford. The ship is under the command of Captain Ahab, a strict disciplinarian who exhorts his men to find Moby Dick, the great white whale. Ahab lost his his leg to that creature and is desperate for revenge. As the crew soon learns, he will stop at nothing to gain satisfaction."
}