{
    "id": 10330,
    "title": "Freaky Friday",
    "release_year": "2003",
    "genres": [
        "Comedy",
        "Family",
        "Fantasy"
    ],
    "average_rating": 6.5,
    "num_votes": 3815,
    "description": "Mother and daughter bicker over everything -- what Anna wears, whom she likes and what she wants to do when she's older. In turn, Anna detests Tess's fianc\u00e9. When a magical fortune cookie switches their personalities, they each get a peek at how the other person feels, thinks and lives."
}