{
    "id": 1034062,
    "title": "Mortal Kombat Legends: Cage Match",
    "release_year": "2023",
    "genres": [
        "Animation",
        "Action",
        "Fantasy",
        "Adventure"
    ],
    "average_rating": 6.8,
    "num_votes": 113,
    "description": "In 1980s Hollywood, action star Johnny Cage is looking to become an A-list actor. But when his costar, Jennifer, goes missing from set, Johnny finds himself thrust into a world filled with shadows, danger, and deceit. As he embarks on a bloody journey, Johnny quickly discovers the City of Angels has more than a few devils in its midst."
}