{
    "id": 10341,
    "title": "Until the End of the World",
    "release_year": "1991",
    "genres": [
        "Drama",
        "Science Fiction",
        "Adventure"
    ],
    "average_rating": 6.8,
    "num_votes": 202,
    "description": "In 1999, a woman's life is forever changed after she survives a car crash with two bank robbers, who enlist her help to take the money to a drop in Paris. On the way, she runs into another fugitive from the law \u2014 an American doctor on the run from the CIA. They want to confiscate his father's invention \u2013 a device which allows anyone to record their dreams and visions."
}