{
    "id": 10375,
    "title": "D-Tox",
    "release_year": "2002",
    "genres": [
        "Thriller",
        "Crime",
        "Horror"
    ],
    "average_rating": 5.565,
    "num_votes": 650,
    "description": "A disgraced FBI agent with a drinking problem joins nine other troubled law enforcement officers at an isolated detox clinic in the wilds of Wyoming. But the therapeutic sanctuary becomes a nightmarish hellhole when a major snowstorm cuts off the clinic from the outside world and enables a killer on the inside to get busy."
}