{
    "id": 1037858,
    "title": "The Soccer Football Movie",
    "release_year": "2022",
    "genres": [
        "Animation",
        "Comedy",
        "Family"
    ],
    "average_rating": 5.778,
    "num_votes": 117,
    "description": "When mysterious green slime monsters start popping out of soccer balls, all-star athletes Zlatan Ibrahimovi\u0107 and Megan Rapinoe must team up with their four biggest fans to stop evil scientist \"Weird Al\" Yankovic from stealing their talent."
}