{
    "id": 10384,
    "title": "Supernova",
    "release_year": "2000",
    "genres": [
        "Science Fiction",
        "Horror",
        "Thriller"
    ],
    "average_rating": 4.9,
    "num_votes": 388,
    "description": "Set in the 22nd century, when a battered salvage ship sends out a distress signal, the seasoned crew of the rescue hospital ship Nova-17 responds. What they find is a black hole--that threatens to destroy both ships--and a mysterious survivor whose body quickly mutates into a monstrous and deadly form."
}