{
    "id": 10406,
    "title": "Encino Man",
    "release_year": "1992",
    "genres": [
        "Comedy"
    ],
    "average_rating": 5.794,
    "num_votes": 652,
    "description": "High school misfits Stoney and Dave discover a long-frozen primeval man buried in their backyard. But the thawed-out Link\u2014as the boys have named him\u2014quickly becomes a wild card in the teens' already zany Southern California lives. After a shave and some new clothes, Link's presence at school makes the daily drudgery a lot more interesting."
}