{
    "id": 10414,
    "title": "The Mighty Ducks",
    "release_year": "1992",
    "genres": [
        "Comedy",
        "Family",
        "Drama"
    ],
    "average_rating": 6.544,
    "num_votes": 890,
    "description": "After reckless young lawyer Gordon Bombay gets arrested for drunk driving, he must coach a kids hockey team for his community service. Gordon has experience on the ice, but isn't eager to return to hockey, a point hit home by his tense dealings with his own former coach, Jack Reilly. The reluctant Gordon eventually grows to appreciate his team, which includes promising young Charlie Conway, and leads them to take on Reilly's tough players."
}