{
    "id": 10425,
    "title": "The Death and Life of Bobby Z",
    "release_year": "2007",
    "genres": [
        "Drama",
        "Action",
        "Thriller",
        "Crime"
    ],
    "average_rating": 6.1,
    "num_votes": 370,
    "description": "A DEA agent provides former Marine Tim Kearney with a way out of his prison sentence: impersonate Bobby Z, a recently deceased drug dealer, in a hostage switch with a crime lord. When the negotiations go awry, Kearney flees, with Z's son in tow."
}