{
    "id": 10438,
    "title": "Beethoven's 2nd",
    "release_year": "1993",
    "genres": [
        "Family",
        "Comedy"
    ],
    "average_rating": 5.5,
    "num_votes": 981,
    "description": "Beethoven is back -- and this time, he has a whole brood with him now that he's met his canine match, Missy, and fathered a family. The only problem is that Missy's owner, Regina, wants to sell the puppies and tear the clan apart. It's up to Beethoven and the Newton kids to save the day and keep everyone together."
}