{
    "id": 10447,
    "title": "No Escape",
    "release_year": "1994",
    "genres": [
        "Action",
        "Drama",
        "Science Fiction",
        "Thriller"
    ],
    "average_rating": 6.3,
    "num_votes": 423,
    "description": "In the year 2022, a ruthless prison warden has created the ultimate solution for his most troublesome and violent inmates: Absolom, a secret jungle island where prisoners are abandoned and left to die. But Marine Captain John Robbins, convicted of murdering a commanding officer, is determined to escape the island in order to reveal the truth behind his murderous actions and clear his name."
}