{
    "id": 10466,
    "title": "The Money Pit",
    "release_year": "1986",
    "genres": [
        "Comedy",
        "Romance"
    ],
    "average_rating": 6.503,
    "num_votes": 1137,
    "description": "After being evicted from their Manhattan apartment, a couple buy what looks like the home of their dreams\u2014only to find themselves saddled with a bank-account-draining nightmare. Struggling to keep their relationship together as their rambling mansion falls to pieces around them, the two watch in hilarious horror as everything\u2014including the kitchen sink\u2014disappears into the Money Pit."
}