{
    "id": 10477,
    "title": "Driven",
    "release_year": "2001",
    "genres": [
        "Action",
        "Drama"
    ],
    "average_rating": 5.096,
    "num_votes": 726,
    "description": "Talented rookie race-car driver Jimmy Bly has started losing his focus and begins to slip in the race rankings. It's no wonder, with the immense pressure being shoveled on him by his overly ambitious promoter brother as well as Bly's romance with his arch rival's girlfriend Sophia. With much riding on Bly, car owner Carl Henry brings former racing star Joe Tanto on board to help Bly. To drive Bly back to the top of the rankings, Tanto must first deal with the emotional scars left over from a tragic racing accident which nearly took his life."
}