{
    "id": 105,
    "title": "Back to the Future",
    "release_year": "1985",
    "genres": [
        "Adventure",
        "Comedy",
        "Science Fiction"
    ],
    "average_rating": 8.318,
    "num_votes": 20120,
    "description": "Eighties teenager Marty McFly is accidentally sent back in time to 1955, inadvertently disrupting his parents' first meeting and attracting his mother's romantic interest. Marty must repair the damage to history by rekindling his parents' romance and - with the help of his eccentric inventor friend Doc Brown - return to 1985."
}