{
    "id": 1050922,
    "title": "Gini Mal Pokuru",
    "release_year": "2021",
    "genres": [
        "Crime",
        "Thriller"
    ],
    "average_rating": 0.0,
    "num_votes": 0,
    "description": "Ginimal Pokuru (Sinhala: \u0d9c\u0dd2\u0db1\u0dd2\u0db8\u0dbd\u0dca \u0db4\u0ddc\u0d9a\u0dd4\u0dbb\u0dd4, lit.\u2009'Flowers of Fire') is a 2021 Sri Lankan Sinhala adult romantic film directed by Udayakantha Warnasuriya. The film is co-produced by Prasad Rodrigo, Bandula Gunawardena, Krishantha Hettiarachchi, Nishantha Jayawardena, Udayanga Suresh, Suranga de Alwis, and Newton Vidanapathirana for U Creations. It stars Isuru Lokuhettiarachchi, Chulakshi Ranathunga, and Charith Abeysinghe in lead roles whereas Ananda Kumaraunnahe, Dilrufa Shanas, and Kumara Wanduressa made supportive roles."
}