{
    "id": 105397,
    "title": "Daughter of Darkness 2",
    "release_year": "1994",
    "genres": [
        "Comedy",
        "Crime",
        "Thriller",
        "Horror"
    ],
    "average_rating": 5.6,
    "num_votes": 21,
    "description": "Another gruesome case involving a woman who's a sole survivor of a brutal massacre. A local constable questions the woman about her whereabouts and what might have happened the night before. As he gets the young woman to talk, she spins a tale of debauchery, madness and people so vile that you wished that they'll never see daylight again. Why is this woman so reluctant to talk? Who else might be involved in this ghastly murder? How will this bumbling cop get any solid leads or useful clues from this shell shocked woman?"
}