{
    "id": 10533,
    "title": "The Scarlet Letter",
    "release_year": "1995",
    "genres": [
        "Drama",
        "Romance",
        "Western"
    ],
    "average_rating": 6.026,
    "num_votes": 463,
    "description": "Set in puritanical Boston in the mid 1600s, the story of seamstress Hester Prynne, who is outcast after she becomes pregnant by a respected reverend. She refuses to divulge the name of the father, is \"convicted\" of adultery and forced to wear a scarlet \"A\" until an Indian attack unites the Puritans and leads to a reevaluation of their laws and morals."
}