{
    "id": 10534,
    "title": "White Squall",
    "release_year": "1996",
    "genres": [
        "Drama",
        "Adventure"
    ],
    "average_rating": 6.273,
    "num_votes": 365,
    "description": "In 1960, a hardy group of prep school students boards an old-fashioned sailing ship. With Capt. Christopher Sheldon at the helm, the oceangoing voyage is intended to teach the boys fortitude and discipline. But the youthful crew are about to get some unexpected instruction in survival when they get caught in the clutches of a white squall storm."
}