{
    "id": 10540,
    "title": "Outland",
    "release_year": "1981",
    "genres": [
        "Science Fiction",
        "Action"
    ],
    "average_rating": 6.4,
    "num_votes": 606,
    "description": "An honest marshal in a corrupt mining colony on Io, Jupiter's sunless third moon, is determined to confront a violent drug ring even though it may cost him his life. After his wife angrily deserts him, he waits alone for the arrival of killers hired by the company to eliminate him."
}