{
    "id": 10548,
    "title": "When We Were Kings",
    "release_year": "1996",
    "genres": [
        "Documentary",
        "TV Movie",
        "History",
        "Music"
    ],
    "average_rating": 7.7,
    "num_votes": 227,
    "description": "It's 1974. Muhammad Ali is 32 and thought by many to be past his prime. George Foreman is ten years younger and the heavyweight champion of the world. Promoter Don King wants to make a name for himself and offers both fighters five million dollars apiece to fight one another, and when they accept, King has only to come up with the money. He finds a willing backer in Mobutu Sese Suko, the dictator of Zaire, and the \"Rumble in the Jungle\" is set, including a musical festival featuring some of America's top black performers, like James Brown and B.B. King."
}