{
    "id": 10551,
    "title": "Family Business",
    "release_year": "1989",
    "genres": [
        "Crime",
        "Drama",
        "Comedy"
    ],
    "average_rating": 5.69,
    "num_votes": 252,
    "description": "Jessie is an aging career criminal who has been in more jails, fights, schemes, and lineups than just about anyone else. His son Vito, while currently on the straight and narrow, has had a fairly shady past and is indeed no stranger to illegal activity. They both have great hope for Adam, Vito's son and Jessie's grandson, who is bright, good-looking, and without a criminal past."
}