{
    "id": 1056803,
    "title": "Rascal Does Not Dream of a Sister Venturing Out",
    "release_year": "2023",
    "genres": [
        "Animation",
        "Drama",
        "Fantasy"
    ],
    "average_rating": 7.6,
    "num_votes": 31,
    "description": "After a draining December, Sakuta is quickly nearing the end of his second year of high school. Since Mai is a third-year student, they don't have much time left together before graduation rolls around. Meanwhile, his sister, Kaede, is slowly but steadily venturing outdoors again. Just as she begins to find her footing, she announces her most ambitious goal yet\u2014attending her brother's high school! Sakuta knows better than anyone how difficult this will be for Kaede, and he's ready to support her however he can. He's just not sure if that's what's best for her...or what she really wants..."
}