{
    "id": 1056380,
    "title": "The Coffee Table",
    "release_year": "2023",
    "genres": [
        "Horror",
        "Thriller",
        "Drama",
        "Comedy"
    ],
    "average_rating": 6.9,
    "num_votes": 167,
    "description": "Jesus and Mar\u00eda are a couple going through a difficult time in their relationship. Nevertheless, they have just become parents. To shape their new life, they decide to buy a new coffee table. A decision that will change their existence."
}