{
    "id": 10564,
    "title": "Where the Heart Is",
    "release_year": "2000",
    "genres": [
        "Comedy",
        "Drama",
        "Romance"
    ],
    "average_rating": 7.11,
    "num_votes": 694,
    "description": "Novalee Nation is a 17-year-old Tennessee transient who has to grow up in a hurry when she's left pregnant and abandoned by her boyfriend on a roadside, and takes refuge in the friendly aisles of Wal-Mart. Eventually, some eccentric but kindly strangers 'adopt' Novalee and her infant daughter, helping them buck the odds and build a new life."
}