{
    "id": 1056746,
    "title": "The Trouble with Jessica",
    "release_year": "2024",
    "genres": [
        "Comedy",
        "Drama"
    ],
    "average_rating": 5.9,
    "num_votes": 32,
    "description": "Sarah and Tom are in terrible financial trouble. On the brink of losing everything, they\u2019ve managed to find a buyer for their stylish London home. When their best friends Richard and Beth come round for a final dinner, an uninvited old friend, Jessica, tags along.  After a seemingly trivial argument, Jessica hangs herself in the garden. Tom goes to call the police when Sarah realizes if the buyer finds out, the sale will collapse, meaning definite financial ruin. The only solution - to convince Richard and Beth to take Jessica\u2019s body to her flat and make it look like she killed herself there. If they\u2019re clever enough about it, what could possibly go wrong?"
}