{
    "id": "10005",
    "title": "She's the One",
    "release_year": "2024",
    "genres": [
        "Soap",
        "Drama"
    ],
    "average_rating": 8.1,
    "description": "Beatriz Dourado, a young black woman marked by abandonment, searches for answers about her past and discovers that her mother, Clarice, left her to pursue her career in Rio de Janeiro. With devastating revelations and a new love, Beatriz faces adversity and transforms her pain into power, fighting to conquer her place in the world.",
    "type": "tv"
}