{
    "id": "1000",
    "title": "Am\u00e9lie",
    "release_year": "2001",
    "genres": [
        "Comedy",
        "Romance"
    ],
    "average_rating": 7.9,
    "description": "At a tiny Parisian caf\u00e9, the adorable yet painfully shy Am\u00e9lie accidentally discovers a gift for helping others. Soon Amelie is spending her days as a matchmaker, guardian angel, and all-around do-gooder. But when she bumps into a handsome stranger, will she find the courage to become the star of her very own love story?",
    "type": "movie"
}