{
    "id": "10014",
    "title": "Ulice",
    "release_year": "2005",
    "genres": [
        "Drama",
        "Comedy"
    ],
    "average_rating": 4.6,
    "description": "Ulice is a Czech soap opera produced and broadcast by Nova. In the Czech language Ulice means street.\n\nThe show describes the lives of the Farsk\u00fd, Jord\u00e1n, Boh\u00e1\u010d, Nikl, and Li\u0161ka families and many other people that live in Prague. Their daily battle against real problems of living in a modern world like divorce, love, betrayal and illness or disease. Ulice often shows crime.",
    "type": "tv"
}