{
    "id": "1001",
    "title": "Autumn and the Black Jaguar",
    "release_year": "2024",
    "genres": [
        "Adventure",
        "Family"
    ],
    "average_rating": 6.5,
    "description": "Growing up in the Amazon rainforest gave Autumn the rarest of friendships \u2013 a lost jaguar cub she named Hope. When a tragic event forces her to leave Hope for New York City, she dreams of going back to the rainforest and her friend. That opportunity soon comes when Autumn decides to return to the Amazon to save her beloved jaguar from animal traffickers who threaten her childhood village.",
    "type": "movie"
}