{
    "id": "10023",
    "title": "The Blossoming Love",
    "release_year": "2025",
    "genres": [
        "Sci-Fi & Fantasy",
        "Drama"
    ],
    "average_rating": 6.6,
    "description": "In ancient times, the Human Emperor, Zhao Ming, petitioned on behalf of the people and sacrificed himself to resist the divine realm. After Zhao Ming's fall, his beloved, Hun Dunzhu, risked her life to save a wisp of his soul, setting up the cycle of reincarnation for eternity. In the distant future, Zhao Ming reincarnated as Xie Xuechen, the leader of the Immortal Alliance, while Hun Dunzhu became the Holy Maiden Mu Xuanling in the Dark Domain. The two finally reunited in the mortal realm but had forgotten their past, becoming adversaries in a \"righteous versus evil\" struggle. Mu Xuanling saved the heavily injured Xie Xuechen in the Dark Domain and coerced him to travel together in gratitude for saving his life.",
    "type": "tv"
}