{
    "id": "10034",
    "title": "The Rookie",
    "release_year": "2018",
    "genres": [
        "Crime",
        "Drama",
        "Comedy"
    ],
    "average_rating": 8.5,
    "description": "Starting over isn\u2019t easy, especially for small-town guy John Nolan who, after a life-altering incident, is pursuing his dream of being an LAPD officer. As the force\u2019s oldest rookie, he\u2019s met with skepticism from some higher-ups who see him as just a walking midlife crisis.",
    "type": "tv"
}