{
    "id": "10041",
    "title": "TMZ Live",
    "release_year": "2012",
    "genres": [],
    "average_rating": 2.0,
    "description": "This hourlong show is an edited version of the previous day's live video chat on TMZ, which features site founder Harvey Levin and others discussing the day's celebrity and entertainment news. Besides news, it provides a candid look at how the gossip site operates, bringing viewers into the site's newsroom, where the daily chats take place. \"TMZ Live\" allows viewers to present their opinions on the featured topics through social media, phone calls and video chat.",
    "type": "tv"
}