{
    "id": "1004",
    "title": "Maze Runner: The Death Cure",
    "release_year": "2018",
    "genres": [
        "Science Fiction",
        "Action",
        "Adventure",
        "Thriller"
    ],
    "average_rating": 7.098,
    "description": "Thomas leads his group of escaped Gladers on their final and most dangerous mission yet. To save their friends, they must break into the legendary Last City, a WCKD-controlled labyrinth that may turn out to be the deadliest maze of all. Anyone who makes it out alive will get answers to the questions the Gladers have been asking since they first arrived in the maze.",
    "type": "movie"
}