{
    "id": "10040",
    "title": "Ici tout commence",
    "release_year": "2020",
    "genres": [
        "Soap",
        "Drama"
    ],
    "average_rating": 6.8,
    "description": "This television drama series is centered around the prestigious culinary school of renowned chef Auguste Armand. The show follows the lives of students and staff as they navigate the challenges and pressures of the culinary world\u2014delving into their personal and professional lives, revealing secrets, rivalries, and complex relationships.",
    "type": "tv"
}