{
    "id": "10054",
    "title": "LOONA TV",
    "release_year": "2016",
    "genres": [
        "Reality",
        "Comedy"
    ],
    "average_rating": 7.0,
    "description": "LOONA TV (\uc774\ub2ec\uc758 \uc18c\ub140 \ud0d0\uad6c, Girl of the Month Inquiry) are short videos featuring the members of LOO\u03a0\u0394 during their travels, behind the scenes of jacket shootings and the sets of music video filming, and even their off-time interactions as they have fun.",
    "type": "tv"
}