{
    "id": "10066",
    "title": "HK 80's",
    "release_year": "1981",
    "genres": [
        "Comedy",
        "Drama",
        "Family"
    ],
    "average_rating": 0.0,
    "description": "This sitcom  series premiered in 1981 and changed its name every year, from \"Hong Kong 81\" to \"Hong Kong 86.\" It was eventually replaced by a new sitcom called \"City Stories.\" A total of 1330 episodes were produced, making it the second-longest-running series in Hong Kong, after \"Come Home Love: Lo and Behold\".\n\nEach episode of this series is inspired by current social issues, with early storylines often satirizing society's flaws. The characters, such as \"Chen Ji,\" \"Mrs. Shun,\" \"Uncle Mao,\" \"Jue Wu Yin,\" \"Miss Su,\" \"A Wei,\" and \"Ah Kang,\" mostly hail from the grassroots, leaving a lasting impression on the audience. For example, \"Mrs. Shun,\" portrayed by Lydia Shum, later became a term to describe uneducated women who follow trends blindly. \"Chen Ji,\" played by Lawrence Ng, is a stockbroker who loves to show off his wealth, and his behavior typified that of many Hong Kongers, becoming a byword for the city's nouveau riche.",
    "type": "tv"
}