{
    "id": "10061",
    "title": "Mind Our Own Business",
    "release_year": "1993",
    "genres": [
        "Family",
        "Soap"
    ],
    "average_rating": 0.0,
    "description": "The frugal and harsh father, CHENG SAM, and the open-minded and generous mother, LEUNG HANG MUI, are a lively couple in the family. Other family members include their lazy and rude son, YUEN YUK PO; their optimistic and irresponsible daughter, YUEN YUET CHU; their defiant and domineering daughter-in-law, HO SHUK KIANG, and their honest and confident son-in-law, YEUNG JO GAI. Their granddaughter, MUN HEI, is a free-spirited girl while their grandson, MUN CHOI, is a cunning and opportunistic businessman. The family's fortunes are tied to their partners, CHU CHI WAH and CHAN WING MAN. Together, they form a tapestry of modern urban life.",
    "type": "tv"
}