{
    "id": "10080",
    "title": "Solo Leveling",
    "release_year": "2024",
    "genres": [
        "Action & Adventure",
        "Sci-Fi & Fantasy",
        "Animation"
    ],
    "average_rating": 8.5,
    "description": "They say whatever doesn\u2019t kill you makes you stronger, but that\u2019s not the case for the world\u2019s weakest hunter Sung Jinwoo. After being brutally slaughtered by monsters in a high-ranking dungeon, Jinwoo came back with the System, a program only he could see, that\u2019s leveling him up in every way. Now, he\u2019s inspired to discover the secrets behind his powers and the dungeon that spawned them.",
    "type": "tv"
}