{
    "id": "10087",
    "title": "Late Night with Seth Meyers",
    "release_year": "2014",
    "genres": [
        "Talk",
        "Comedy"
    ],
    "average_rating": 5.4,
    "description": "Seth Meyers, who is \"Saturday Night Live\u2019s\" longest serving anchor on the show\u2019s wildly popular \"Weekend Update,\" takes over as host of NBC\u2019s \"Late Night\" \u2014 home to A-list celebrity guests, memorable comedy and the best in musical talent. As the Emmy Award-winning head writer for \"SNL,\" Meyers has established a reputation for sharp wit and perfectly timed comedy, and has gained fame for his spot-on jokes and satire. Meyers takes his departure from \"SNL\" to his new post at \"Late Night,\" as Jimmy Fallon moves to \"The Tonight Show\".",
    "type": "tv"
}