{
    "id": "10088",
    "title": "Ranma \u00bd",
    "release_year": "1989",
    "genres": [
        "Comedy",
        "Action & Adventure",
        "Animation",
        "Sci-Fi & Fantasy"
    ],
    "average_rating": 8.6,
    "description": "Ranma Saotome, a teenage martial artist, and his father Genma travel to the 'cursed training ground' of Jusenkyo in China. There, despite the warnings of the Chinese guard, they fall into the cursed springs. From now on, whenever Ranma is doused in cold water, he turns into a girl and a cute, well-built redhead at that. Hot water changes him back into a man again, but only until the next time. To make matters worse, his father engages him to Akane Tendo, a girl who hates boys.",
    "type": "tv"
}