{
    "id": "10099",
    "title": "Yellowstone",
    "release_year": "2018",
    "genres": [
        "Western",
        "Drama"
    ],
    "average_rating": 8.242,
    "description": "Follow the violent world of the Dutton family, who controls the largest contiguous ranch in the United States. Led by their patriarch John Dutton, the family defends their property against constant attack by land developers, an Indian reservation, and America\u2019s first National Park.",
    "type": "tv"
}