{
    "id": "1011",
    "title": "Her",
    "release_year": "2013",
    "genres": [
        "Romance",
        "Science Fiction",
        "Drama"
    ],
    "average_rating": 7.854,
    "description": "In the not so distant future, Theodore, a lonely writer, purchases a newly developed operating system designed to meet the user's every need. To Theodore's surprise, a romantic relationship develops between him and his operating system. This unconventional love story blends science fiction and romance in a sweet tale that explores the nature of love and the ways that technology isolates and connects us all.",
    "type": "movie"
}