{
    "id": "10128",
    "title": "Game of Thrones",
    "release_year": "2011",
    "genres": [
        "Sci-Fi & Fantasy",
        "Drama",
        "Action & Adventure"
    ],
    "average_rating": 8.5,
    "description": "Seven noble families fight for control of the mythical land of Westeros. Friction between the houses leads to full-scale war. All while a very ancient evil awakens in the farthest north. Amidst the war, a neglected military order of misfits, the Night's Watch, is all that stands between the realms of men and icy horrors beyond.",
    "type": "tv"
}