{
    "id": "10139",
    "title": "The Simpsons",
    "release_year": "1989",
    "genres": [
        "Family",
        "Animation",
        "Comedy"
    ],
    "average_rating": 8.0,
    "description": "Set in Springfield, the average American town, the show focuses on the antics and everyday adventures of the Simpson family; Homer, Marge, Bart, Lisa and Maggie, as well as a virtual cast of thousands. Since the beginning, the series has been a pop culture icon, attracting hundreds of celebrities to guest star. The show has also made name for itself in its fearless satirical take on politics, media and American life in general.",
    "type": "tv"
}