{
    "id": "10155",
    "title": "FROM",
    "release_year": "2022",
    "genres": [
        "Mystery",
        "Drama",
        "Sci-Fi & Fantasy"
    ],
    "average_rating": 8.196,
    "description": "Unravel the mystery of a nightmarish town in middle America that traps all those who enter. As the unwilling residents fight to keep a sense of normalcy and search for a way out, they must also survive the threats of the surrounding forest \u2013 including the terrifying creatures that come out when the sun goes down.",
    "type": "tv"
}