{
    "id": "10157",
    "title": "Terra Brava",
    "release_year": "2019",
    "genres": [
        "Drama"
    ],
    "average_rating": 8.0,
    "description": "To avenge his dead parents, Diogo will have to destroy his lover's mom and face his younger brother. Diogo, a decorated military officer, finds out that Eduarda is responsible for the destruction of his family. He returns to his homeland to take revenge, but falls in love with her daughter, Beatriz, who is married to Tiago, his biological brother.",
    "type": "tv"
}