{
    "id": "10153",
    "title": "Star Academy",
    "release_year": "2001",
    "genres": [
        "Reality"
    ],
    "average_rating": 6.4,
    "description": "Star Academy is a French reality television show produced by the Dutch company Endemol. It consists of a contest of young singers. It spawned an equally successful show in Quebec called Star Acad\u00e9mie. It is broadcast on TF1. At the end of each season, selected contestants would go on tour around France, Morocco, Switzerland, Belgium, Tunisia, and other French-speaking countries.",
    "type": "tv"
}