{
    "id": "10161",
    "title": "\u00d5nne 13",
    "release_year": "1993",
    "genres": [
        "Drama",
        "Comedy",
        "Family"
    ],
    "average_rating": 4.5,
    "description": "\u00d5nne 13 is an Estonian dramatic TV series that airs on ETV. The series first aired on 30 October 1993 and was written by Astrid Reinla and as of 1996 by Teet Kallas. Since 1997, the series is produced by BEC, which has also produced Pehmed ja Karvased, Kodu Keset Linna and Ohtlik Lend.\n\nThe series takes place in the fictional town of Morna, and features an ensemble cast.",
    "type": "tv"
}