{
    "id": "10167",
    "title": "Master In The House",
    "release_year": "2017",
    "genres": [
        "Reality",
        "Talk",
        "Comedy"
    ],
    "average_rating": 6.1,
    "description": "Almost everyone has a question regarding life and the goal of life. In order to find the answer, the four young men with full of curiosity regarding their lives, Lee Seung Gi, Lee Sang Yun, Yuk Seong Jae, and Yang Se Hyeong, head to find their master to learn things and get a correct answer. They find the master and spend a day in the master\u2019s place to learn things that they didn\u2019t know, and wish to know. Whom will they get to meet? And what will they learn throughout the stay?",
    "type": "tv"
}