{
    "id": "10164",
    "title": "Nogizaka Under Construction",
    "release_year": "2015",
    "genres": [
        "Talk"
    ],
    "average_rating": 7.167,
    "description": "Nogizaka46 is making a big leap forward right now!\n\nTheir activities range from live performances, varieties, dramas, movies, and models.\n\nIn order to give these girls even more momentum, this program will challenge various projects that bring out new aspects and charms of the members!!!",
    "type": "tv"
}