{
    "id": "10171",
    "title": "Chi's Sweet Home",
    "release_year": "2008",
    "genres": [
        "Animation",
        "Comedy",
        "Kids"
    ],
    "average_rating": 6.8,
    "description": "An American Shorthair kitten wanders away from her mother and siblings one day while enjoying a walk outside. Lost in her surroundings, she struggles to find her way back home. She is soon found by the Yamada family. Finding a home for her proves to be difficult, so the family eventually decides to keep the kitten, naming her \"Chi\".",
    "type": "tv"
}