{
    "id": "10197",
    "title": "SOKO Leipzig",
    "release_year": "2001",
    "genres": [
        "Crime",
        "Drama"
    ],
    "average_rating": 5.9,
    "description": "SOKO Leipzig is a German police procedural television programme, a spin-off of the earlier German police programme SOKO 5113. It was first broadcast on 31 January 2001, on German television channel ZDF. On 12 November 2008, the first part of a two-part crossover between SOKO Leipzig and British police procedural The Bill was aired, with the same version being shown on both ZDF and British television channel ITV1.",
    "type": "tv"
}