{
    "id": "10204",
    "title": "The Day of the Jackal",
    "release_year": "2024",
    "genres": [
        "Drama",
        "Action & Adventure",
        "Mystery"
    ],
    "average_rating": 8.3,
    "description": "An unrivalled and highly elusive lone assassin, the Jackal, makes his living carrying out hits for the highest fee. But following his latest kill, he meets his match in a tenacious British intelligence officer who starts to track down the Jackal in a thrilling cat-and-mouse chase across Europe, leaving destruction in its wake.",
    "type": "tv"
}