{
    "id": "10218",
    "title": "Kinnikuman",
    "release_year": "1983",
    "genres": [
        "Animation",
        "Comedy",
        "Action & Adventure",
        "Sci-Fi & Fantasy"
    ],
    "average_rating": 7.8,
    "description": "Kinnikuman (real name Suguru Kinniku), is a clumsy, foolish, comical superhero who discovers that he is the missing prince of the planet Kinniku (known for producing the greatest superheroes in the universe).\n\nSince he is a clumsy fool, however, he must prove himself worthy of the throne. To do so he enters wrestling competitions and battles evil Chojin.",
    "type": "tv"
}