{
    "id": "10219",
    "title": "Shameless",
    "release_year": "2011",
    "genres": [
        "Drama",
        "Comedy"
    ],
    "average_rating": 8.167,
    "description": "Chicagoan Frank Gallagher is the proud single dad of six smart, industrious, independent kids, who without him would be... perhaps better off. When Frank's not at the bar spending what little money they have, he's passed out on the floor. But the kids have found ways to grow up in spite of him. They may not be like any family you know, but they make no apologies for being exactly who they are.",
    "type": "tv"
}