{
    "id": "10211",
    "title": "University. The New Dorm",
    "release_year": "2011",
    "genres": [
        "Comedy"
    ],
    "average_rating": 7.2,
    "description": "The hostel number 3, in which the heroes lived, is being demolished, and three guys (Michael, Anton and Kuzya) are relocated to a new hostel. In the new building they are settled in block number 510 with the girls Christina, Yana and Masha. Kuzya begins to date Masha, and Anton dates Christina. Later Kuzya leaves for Agapovka, the botanist Valentin is settled instead.",
    "type": "tv"
}