{
    "id": "10224",
    "title": "Best Friends",
    "release_year": "2007",
    "genres": [
        "Comedy",
        "Drama",
        "Soap"
    ],
    "average_rating": 4.0,
    "description": "Best Friends follows the life of a group of friends at their high school \u2018Spangalis College\u2019. Inside and outside of school exciting and challenging experiences take place. Growing up is never easy; every character has its own, unique story of love, friendship, loneliness, sorrow, discovery. There is drama and joy in school, family, teachers, parents, divorce, bullying, and always dreams for the future.",
    "type": "tv"
}