{
    "id": "10226",
    "title": "Soccer AM",
    "release_year": "1995",
    "genres": [
        "Comedy",
        "Talk"
    ],
    "average_rating": 6.0,
    "description": "Soccer AM is a British Saturday-morning football-based comedy/talk show, predominantly based around the Premier League. Originally presented by Jane Hoffen, Gary Stevens and Russ Williams, they lasted just a year before Helen Chamberlain and Tim Lovejoy replaced them, where Lovejoy served for over a decade. He has since been replaced by Andy Goldstein and, more recently, Max Rushden. The show has been aired on Sky Sports 2 each Saturday morning of the football season since 1995 from 7:00am or 9:00am to noon originally and currently between 10:00am and 12:00pm. In early 2009, the 500th episode was broadcast. Although the show is filmed live from 2010 it has been broadcast on a momentary delay due to bad language and/or inappropriate content from certain guests.\n\nThe show's current sponsor is Procter & Gamble through their Head & Shoulders brand. The show was previously sponsored by Frijj, a brand of milkshake, after Dairy Crest signed a \u00a32 million sponsorship deal.\n\nParts of the show have remained since the beginning, whilst new items have been introduced each season. In that respect, it is almost the same every week, the difference being new football footage and comedy skits. Every week sees a new group of celebrity guests, generally featuring at least one footballer who is free on the Saturday, and a mix of musicians, TV personalities, and other sportsmen.",
    "type": "tv"
}