{
    "id": "10220",
    "title": "The View",
    "release_year": "1997",
    "genres": [
        "Talk"
    ],
    "average_rating": 4.4,
    "description": "ABC Daytime's morning chatfest, currently featuring Whoopi Goldberg, Joy Behar, Sunny Hostin, Sara Haines, Alyssa Farah Griffin, and Ana Navarro discussing the most exciting events of the day. Hot topics in the news, the best experts in their field, celebrity interviews and general entertainment are all part of The View.",
    "type": "tv"
}