{
    "id": "10221",
    "title": "Sea Hunt",
    "release_year": "1958",
    "genres": [
        "Action & Adventure",
        "Drama"
    ],
    "average_rating": 6.5,
    "description": "Sea Hunt is an American adventure television series that aired in syndication from 1958 to 1961 and was popular in syndication for decades afterwards. The series originally aired for four seasons, with 155 episodes produced. It stars Lloyd Bridges as ex-Navy frogman Mike Nelson, and was produced by Ivan Tors.",
    "type": "tv"
}