{
    "id": "10230",
    "title": "Sajan Re Jhoot Mat Bolo",
    "release_year": "2009",
    "genres": [
        "Drama",
        "Comedy"
    ],
    "average_rating": 0.0,
    "description": "Sajan Re Jhoot Mat Bolo abbreviated as SRJMB was a Hindi sitcom telecast on SAB TV from Monday to Friday at 9.00 pm IST initially but later at 11:30 pm. The serial name was based on a famous song \u201cSajan re jhoot mat bolo, Khuda ke paas jana hai\u201d from the movie Teesri Kasam.",
    "type": "tv"
}