{
    "id": "10236",
    "title": "The Voronins",
    "release_year": "2009",
    "genres": [
        "Comedy"
    ],
    "average_rating": 6.8,
    "description": "The main characters of the series are an ordinary family. The family consists of the following: Kostya (a sports journalist), his wife Vera (a housewife) and their children: Masha and the twins Philip and Kirill. Right on the same landing, where the apartment of the young Voronin family is located, Kostya\u2019s parents live: Galina Ivanovna (housewife, Kostya and Lyonya\u2019s mother, Vera\u2019s mother-in-law), Nikolai Petrovich (Kostya\u2019s and Lyonya\u2019s father, Vera\u2019s father-in-law) and Lyonya (the major of the police) - Kostya's older brother.",
    "type": "tv"
}