{
    "id": "10243",
    "title": "GeGeGe no Kitaro",
    "release_year": "2018",
    "genres": [
        "Comedy",
        "Sci-Fi & Fantasy",
        "Animation"
    ],
    "average_rating": 7.6,
    "description": "Nearly twenty years into the 21st century, people have forgotten the existence of Yokai. When a number of unexplainable phenomena plague adults of the human world with confusion and chaos, thirteen-year-old Mana writes a letter to the Yokai Post in search of answers, only to be greeted by GeGeGe no Kitaro...",
    "type": "tv"
}