{
    "id": "10247",
    "title": "Wagle Ki Duniya",
    "release_year": "2021",
    "genres": [
        "Comedy",
        "Drama",
        "Family"
    ],
    "average_rating": 7.357,
    "description": "Three generations of the family live together, who share all their happiness and sorrows. Follow the story of this family as they bring laughter to each other's lives and will make your heart melt. A new generation of the old critically acclaimed show is here to take you on a roller coaster ride of emotions.",
    "type": "tv"
}