{
    "id": "10256",
    "title": "The City",
    "release_year": "1995",
    "genres": [
        "Soap"
    ],
    "average_rating": 5.0,
    "description": "The City is an American television soap opera that aired on ABC from November 13, 1995 to March 28, 1997. The show follows the loves and lives of the survivors of the Corinth Serial Killer as they all moved from the Pennsylvania town of Corinth to an apartment building in New York's SoHo district.\n\nThe show was co-created by Agnes Nixon, the creator of Loving, and the show's last pair of headwriters, Barbara Esensten and James Harmon Brown. The show won two Daytime Emmy Awards in 1996.",
    "type": "tv"
}