{
    "id": "10252",
    "title": "Super Trio Series",
    "release_year": "1995",
    "genres": [
        "Reality"
    ],
    "average_rating": 0.0,
    "description": "The Super Trio Series is a Hong Kong variety show produced by TVB. The series debuted in 1995, and remained in production for eighteen years due to its popularity. The show was hosted by Eric Tsang and his two assistants - Jerry Lamb and Chin Kar-lok. The show initially ended its run with the airing of the final episode on July 16, 2005. However, on March 9, 2008, the first episode of the show's spin-off series Super Trio Wonder Trip was aired; its main purpose was to introduce a series of new games that are to be imported from various game shows all over the world and would appear in series 8, Super Trio Supreme.",
    "type": "tv"
}