{
    "id": "10268",
    "title": "The Challenge",
    "release_year": "1998",
    "genres": [
        "Reality"
    ],
    "average_rating": 7.3,
    "description": "Each Challenge pits numerous cast members from past seasons of reality shows against each other, dividing them into two separate teams according to different criteria, such as gender, which show they first appeared on, whether or not they're veterans or rookies on the show, etc. The two teams compete in numerous missions in order to win prizes and advance in the overall game.",
    "type": "tv"
}