{
    "id": "10266",
    "title": "Pleasant Goat and Big Big Wolf",
    "release_year": "2005",
    "genres": [
        "Animation",
        "Kids",
        "Action & Adventure",
        "Comedy",
        "Sci-Fi & Fantasy"
    ],
    "average_rating": 7.2,
    "description": "Pleasant Goat and Big Big Wolf is a Chinese animated television series which was created by Huang Weiming, Lin Yuting and Luo Yinggeng, and produced by Creative Power Entertaining. The show is about a group of goats living on the Green Pasture, Qing Qing Grasslands/Plains, and the story revolving around a clumsy wolf who wants to eat them.  Toon Express Group owns the copyrights of the characters.",
    "type": "tv"
}