{
    "id": "10273",
    "title": "Living Among the Rich",
    "release_year": "2011",
    "genres": [
        "Family"
    ],
    "average_rating": 9.0,
    "description": "Ji-Eun is thrilled to hear that her mother Hye-Ja is moving to Cheongdam neighborhood. Hye-Ja & Ji-Eun lived in the suburbs for thier whole life. Ji-Eun dreams of living a luxurious life, but her reality is quite different. The house they move into is on the 2nd story of a building which looks like it will collapse. The first floor of the building is a comic book shop and the second floor is a lodging house. Their building is located between luxurious buildings in Cheongdam neighborhood.",
    "type": "tv"
}