{
    "id": "10272",
    "title": "Pure in Heart",
    "release_year": "2006",
    "genres": [
        "Drama"
    ],
    "average_rating": 5.0,
    "description": "Yang Gook-hwa (Korean:\u00a0\uc591 \uad6d\ud654) is a nineteen-year-old country girl who leaves\u00a0Yanbian\u00a0and travels to\u00a0Seoul\u00a0because she is marrying Hong Soon-goo (Korean:\u00a0\ud64d \uc21c\uad6c), the third son in an average but respectable family. When she arrives in Seoul, however, she finds out that her fianc\u00e9 has just died in a terrible car accident. Instead of returning to Yanbian, she decides to stay and create a new life in Korea while sending money back to her aunt and uncle.",
    "type": "tv"
}