{
    "id": "10297",
    "title": "The Good Doctor",
    "release_year": "2017",
    "genres": [
        "Drama"
    ],
    "average_rating": 8.482,
    "description": "Shaun Murphy, a young surgeon with autism and savant syndrome, relocates from a quiet country life to join a prestigious hospital's surgical unit. Unable to personally connect with those around him, Shaun uses his extraordinary medical gifts to save lives and challenge the skepticism of his colleagues.",
    "type": "tv"
}