{
    "id": "10316",
    "title": "Barney & Friends",
    "release_year": "1992",
    "genres": [
        "Comedy",
        "Family",
        "Kids"
    ],
    "average_rating": 5.146,
    "description": "Barney & Friends is an American children's television series aimed at children from ages 2 to 5. The series, which first aired on April 6, 1992, features the title character Barney, a purple anthropomorphic Tyrannosaurus rex who conveys educational messages through songs and small dance routines with a friendly, optimistic attitude.",
    "type": "tv"
}