{
    "id": "10317",
    "title": "Tales of the Bizarre",
    "release_year": "1990",
    "genres": [
        "Sci-Fi & Fantasy",
        "Mystery"
    ],
    "average_rating": 7.8,
    "description": "Inspired by American TV movies like \"Hitchcock Theater\" and \"The Twilight Zone,\" the show features multiple works with Tamori as the storyteller and actors as the main characters. While horror and supernatural themes are predominant, a variety of genres like comedy and drama are also produced. Most episodes, however, have a bad ending.",
    "type": "tv"
}