{
    "id": "10328",
    "title": "Beyblade: Metal Saga",
    "release_year": "2009",
    "genres": [
        "Animation",
        "Mystery",
        "Action & Adventure",
        "Kids",
        "Sci-Fi & Fantasy"
    ],
    "average_rating": 7.3,
    "description": "A new cast of characters take on the continued battle between good and evil. Gingka, our hero, and his group of loyal friends take on a dangerous group called the Dark Nebula. Dark Nebula\u2019s mission is to take over the world and unleash their evil upon it; but before they can do so, they must destroy Gingka as he is the only person that\u2019s strong enough to stand in their way. The plot thickens as friends become enemies and enemies become allies. Everything starts and ends with Gingka as he struggles to find the strength to defend his world and the honor of Beyblade.",
    "type": "tv"
}