{
    "id": "10326",
    "title": "Suits",
    "release_year": "2011",
    "genres": [
        "Drama"
    ],
    "average_rating": 8.232,
    "description": "While running from a drug deal gone bad, Mike Ross, a brilliant young college-dropout, slips into a job interview with one of New York City's best legal closers, Harvey Specter. Tired of cookie-cutter law school grads, Harvey takes a gamble by hiring Mike on the spot after he recognizes his raw talent and photographic memory.",
    "type": "tv"
}