{
    "id": "10336",
    "title": "Bakusou Kyoudai Let's & Go!!",
    "release_year": "1996",
    "genres": [
        "Animation",
        "Action & Adventure"
    ],
    "average_rating": 7.5,
    "description": "Mini 4WD racing is an interesting hobby in where kids and adults compete using customized motorized miniature cars. Every year, competitions revolving around the hobby circulated around the world, with both kids and adults test out their spirit and passion in racing and companies developing new technologies and innovations for Mini 4WD. The story revolves around the competitive Seiba Brothers: Go and Retsu, who were once constantly arguing on each other to see who's the best racer. However one day after a community-sponsored race, they both met Dr. Tsuchiya, the head of the Tsuchiya Racing Factory who gave them two Mini 4WD Cars of the prototype Saber Series: Sonic Saber and Magnum Saber. With his advice on telling the twins to customize them for the upcoming race, they are now determined to win and race to victory and set off to their wildest race of their lives. While meeting both friends and enemies in the Mini 4WD Racing world.",
    "type": "tv"
}