{
    "id": "10337",
    "title": "Polizeiruf 110",
    "release_year": "1971",
    "genres": [
        "Crime"
    ],
    "average_rating": 6.4,
    "description": "Polizeiruf 110 is a long-running German language detective television series. The first episode was broadcast 27 June 1971 in the German Democratic Republic, and after the dissolution of Fernsehen der DDR the series was picked up by ARD. It was originally created as a counterpart to the West German series Tatort, and quickly became a public favorite.",
    "type": "tv"
}