{
    "id": "10348",
    "title": "Desus & Mero",
    "release_year": "2016",
    "genres": [
        "Talk",
        "Comedy"
    ],
    "average_rating": 4.9,
    "description": "The Bronx's very own Desus Nice and The Kid Mero, aka the Bodega Boys, give you their takes on politics, sports, entertainment and other subjects they don't really know about. The brand is strong!  Watch this because Mero has mad kids and Desus loves sneakers and they\u2019re funny and the other late night shows are corny AF.",
    "type": "tv"
}