{
    "id": "10356",
    "title": "Skavlan",
    "release_year": "2009",
    "genres": [
        "Talk"
    ],
    "average_rating": 5.0,
    "description": "Skavlan is a Norwegian-Swedish television talk show hosted by Norwegian journalist Fredrik Skavlan. It premiered in Sweden on Sveriges Television in January 2009, and the first guests to appear on the show were former Prime Minister of Sweden G\u00f6ran Persson and his wife Anitra Steen. On 8 May 2009, it was announced that Skavlan had been renewed for a second season. It was also announced that the show would no longer only be produced by SVT in Sweden; Skavlan would now be partly produced in Norway by the Norwegian Broadcasting Corporation. The first twelve episodes of Skavlan's second season were produced by SVT in Sweden, and the remaining twelve by NRK in Norway.\n\nSkavlan speaks Norwegian and his dialog is therefore subtitled in Swedish in Sweden, even though the two languages are quite similar and mutually intelligible. If the persons being interviewed by Skavlan are Swedish, he often tells them to let him know if they do not understand what he is saying. Swedish novelist Jan Guillou has criticized SVT for subtitling the program, stating \"there is no need for that. If the host had been Danish, subtitling would have been necessary, but with a Norwegian host it does not make any sense.\"",
    "type": "tv"
}