{
    "id": "10362",
    "title": "Valiant Lady",
    "release_year": "1953",
    "genres": [
        "Soap"
    ],
    "average_rating": 5.0,
    "description": "Valiant Lady is an American soap opera which ran daily on CBS radio and television from October 12, 1953 to August 16, 1957 at 12:00 PM. The show's title was taken from a 1930s radio soap opera about a young woman struggling through life but is otherwise very different. Like many early soap operas, the show was broadcast live from CBS studios in New York City.\n\nThe series was created by Adrian Spies; the head writer was Charles Elwyn.",
    "type": "tv"
}