{
    "id": "10363",
    "title": "Back to Field",
    "release_year": "2017",
    "genres": [
        "Reality"
    ],
    "average_rating": 8.0,
    "description": "The show documents the simplistic lifestyle of living away from the bustling city centers. Each season takes place in a different rural part of China. The cast members are only provided with the basic life necessities and have to take care of everything else such as cooking their own meals and building their own furniture. To \"buy\" different cooking ingredients and other tools, they have to complete certain tasks assigned by the production crew, such as planting and harvesting crops. Different guests join the cast in each episode and help out with the daily chores. The goal of the program is to bring the audience along on a slower pace of life and to illustrate the joys of a simple lifestyle.",
    "type": "tv"
}