{
    "id": "10388",
    "title": "The Song of Tentomushi",
    "release_year": "1974",
    "genres": [
        "Animation"
    ],
    "average_rating": 1.0,
    "description": "There are seven young brothers and sisters who grow up peacefully supported by the love and care of their parents. As a token of gratitude, the children present a trip to the couple on their wedding anniversary. This heartfelt deed, however, causes a terrible misfortune as their parents are killed while on their travels. Though it is certainly a shocking tragedy to the youngsters, they cannot be left in sorrow for a long time. Rather they have to make efforts to stand on their own feet in a body without depending on anybody else. So, their strenuous and daring living starts anew helping one another with brotherly affection, and their sincere attitude and lively activities gradually win admiration and encouragement from people of the community.",
    "type": "tv"
}