{
    "id": "10385",
    "title": "AKBINGO!",
    "release_year": "2008",
    "genres": [
        "Comedy"
    ],
    "average_rating": 9.0,
    "description": "AKBINGO! is a long-running variety show featuring Japanese idol group AKB48. Its opening theme song was the AKB48 single \"Aitakatta\" until 2016, when it was changed to an instrumental jingle. In each episode, members from AKB48, and sometimes its sister groups, participate in a series of games and activities. The show was hosted by owarai comedy duo Bad Boys, Omizo Kiyoto and Sata Masaki, until they were replaced by Woman Rush Hour, Muramoto Daisuke & Nakagawa Paradise, in July 2016. The show aired on \"late night\" Wednesdays until it was moved to \"late night\" Tuesdays in April 2013.",
    "type": "tv"
}