{
    "id": "10390",
    "title": "7 Days",
    "release_year": "2009",
    "genres": [
        "News",
        "Comedy"
    ],
    "average_rating": 7.0,
    "description": "7 Days is a New Zealand comedy gameshow similar in some ways to the British program Mock the Week, hosted by Jeremy Corbett and created by The Down Low Concept. Paul Ego and Dai Henwood usually appear on each episode, along with other comedians, who form teams and answer questions about news stories from the last week.",
    "type": "tv"
}