{
    "id": "10391",
    "title": "The Storm of Roses",
    "release_year": "2024",
    "genres": [
        "Drama"
    ],
    "average_rating": 7.5,
    "description": "In 2015, as the internet economy surged and the capital market faced turmoil, Xie Linhui, a financial magazine editor, published a bold report that caused upheaval in the investment sector and impacted investment manager Jiang Yidi's career. Both are soon caught in a larger storm as the market fluctuates, highlighting the career struggles of middle-aged women and young professionals.",
    "type": "tv"
}