{
    "id": "10392",
    "title": "Be Home for Dinner",
    "release_year": "2011",
    "genres": [
        "Drama",
        "Comedy"
    ],
    "average_rating": 0.0,
    "description": "Chung Kwok-Chu is a renowned food critic and an assistant editor-in-chief of a newspaper, Ko Jim Daily. When his son, Si-Hon returns from Canada, Chu is disappointed to find that Si Hon intends to become a chef rather than taking up a professional career. His attempts to guide his son away are thwarted when Shum Bui-yee, a well-known and respected chef, reluctantly accepts Si-Hon as her assistant. Meanwhile, Kwok-Chu struggles to keep peace amongst extended family members.",
    "type": "tv"
}