{
    "id": "10402",
    "title": "Cobra Kai",
    "release_year": "2018",
    "genres": [
        "Action & Adventure",
        "Drama",
        "Comedy"
    ],
    "average_rating": 8.206,
    "description": "This Karate Kid sequel series picks up 30 years after the events of the 1984 All Valley Karate Tournament and finds Johnny Lawrence on the hunt for redemption by reopening the infamous Cobra Kai karate dojo. This reignites his old rivalry with the successful Daniel LaRusso, who has been working to maintain the balance in his life without mentor Mr. Miyagi.",
    "type": "tv"
}