{
    "id": "10405",
    "title": "The King of Braves GaoGaiGar",
    "release_year": "1997",
    "genres": [
        "Animation",
        "Action & Adventure",
        "Sci-Fi & Fantasy"
    ],
    "average_rating": 8.1,
    "description": "In the year 2005, a race of alien monsters emerge from underground and launch a series of attacks on the city of Tokyo. The only defense against these creatures is the awesome giant robot GaoGaiGar and its pilot, Guy Shishio.",
    "type": "tv"
}