{
    "id": "10409",
    "title": "Dragon Ball Super",
    "release_year": "2015",
    "genres": [
        "Animation",
        "Action & Adventure",
        "Sci-Fi & Fantasy"
    ],
    "average_rating": 8.192,
    "description": "With Majin Buu defeated half-a-year prior, peace returns to Earth, where Son Goku (now a radish farmer) and his friends now live peaceful lives. However, a new threat appears in the form of Beerus, the God of Destruction. Considered the most terrifying being in the entire universe, Beerus is eager to fight the legendary warrior seen in a prophecy foretold decades ago known as the Super Saiyan God. The series retells the events from the two Dragon Ball Z films, Battle of Gods and Resurrection 'F' before proceeding to an original story about the exploration of alternate universes.",
    "type": "tv"
}