{
    "id": "10415",
    "title": "Pauw & Witteman",
    "release_year": "2006",
    "genres": [],
    "average_rating": 7.0,
    "description": "Pauw & Witteman is a Dutch late-night talk show, hosted by Jeroen Pauw en Paul Witteman. It is generally focused on current affairs and politics. It is broadcast every weekday at 11 pm on Nederland 1. It is produced by Dutch public broadcasters NPS and VARA.\n\nDuring summer Pauw & Witteman are replaced by Knevel & Van de Brink, a talk show hosted by Andries Knevel and Thijs van den Brink, produced by the dutch evangelical broadcasting company, the EO.",
    "type": "tv"
}