{
    "id": "10418",
    "title": "Overlord",
    "release_year": "2015",
    "genres": [
        "Animation",
        "Sci-Fi & Fantasy",
        "Action & Adventure"
    ],
    "average_rating": 8.5,
    "description": "In the year 2138, virtual reality gaming is booming. Yggdrasil, a popular online game is quietly shut down one day. However, one player named Momonga decides to not log out. Momonga is then transformed into the image of a skeleton as \"the most powerful wizard.\" The world continues to change, with non-player characters (NPCs) beginning to feel emotion. Having no parents, friends, or place in society, this ordinary young man Momonga then strives to take over the new world the game has become.",
    "type": "tv"
}