{
    "id": "10424",
    "title": "The Kitchen",
    "release_year": "2014",
    "genres": [
        "Reality",
        "Family",
        "Talk",
        "Drama"
    ],
    "average_rating": 3.85,
    "description": "Spend a fun and food-filled morning in The Kitchen with hosts Sunny Anderson, Katie Lee, Jeff Mauro, Marcela Valladolid, and Geoffrey Zakarian. From simple supper ideas, food trend discussions, and family meal tips to trivia games and viewer questions, they'll cover all things fun in food.",
    "type": "tv"
}