{
    "id": "1042",
    "title": "Sex Tape",
    "release_year": "2014",
    "genres": [
        "Comedy"
    ],
    "average_rating": 5.402,
    "description": "When Jay and Annie first got together, their romantic connection was intense \u2013 but ten years and two kids later, the flame of their love needs a spark.  To kick things up a notch, they decide \u2013 why not? \u2013 to make a video of themselves trying out every position in The Joy of Sex in one marathon three-hour session.  It seems like a great idea \u2013 until they discover that their most private video is no longer private.  With their reputations on the line, they know they\u2019re just one click away from being laid bare to the world... but as their race to reclaim their video leads to a night they'll never forget, they'll find that their video will expose even more than they bargained for.",
    "type": "movie"
}