{
    "id": "10423",
    "title": "The Many Dream Journeys of Meme",
    "release_year": "1983",
    "genres": [
        "Animation",
        "Action & Adventure"
    ],
    "average_rating": 8.8,
    "description": "The Many Dream Journeys of Meme is a Japanese anime television show created by Nippon Animation. The show originally aired from 1983 to 1985 and was primarily educational. Episodes usually dealt with scientific discoveries and inventions, though there were also a few futuristic and science fiction stories and situations.\n\nThe series has been translated into many languages, including Spanish, French, Portuguese, Hebrew, and Arabic and Serbo-Croatian.",
    "type": "tv"
}