{
    "id": "10426",
    "title": "Super Wings",
    "release_year": "2014",
    "genres": [
        "Animation",
        "Kids",
        "Family",
        "Comedy",
        "Action & Adventure",
        "Sci-Fi & Fantasy"
    ],
    "average_rating": 6.6,
    "description": "An action-packed preschool series about an adorable jet plane named Jett who travels the world delivering packages to children. On every delivery, Jett encounters a new problem that the he and his friends the Super Wings must work together to solve!",
    "type": "tv"
}