{
    "id": "10443",
    "title": "Mia Stigmi 2 Zoes",
    "release_year": "2007",
    "genres": [
        "Comedy",
        "Drama"
    ],
    "average_rating": 4.6,
    "description": "Petros and Orestis are twin brothers. Orestis was put up for adoption when he was just a baby and was raised by rich parents. One day, Petros witnesses an accident which involves Orestis. Realizing they are identical and taking advantage of the fact that Orestis suffers from amnesia, Petros steals Orestis's life.",
    "type": "tv"
}