{
    "id": "1",
    "title": "Kraven the Hunter",
    "release_year": "2024",
    "genres": [
        "Action",
        "Science Fiction",
        "Adventure",
        "Fantasy",
        "Thriller"
    ],
    "average_rating": 6.549,
    "description": "Kraven Kravinoff's complex relationship with his ruthless gangster father, Nikolai, starts him down a path of vengeance with brutal consequences, motivating him to become not only the greatest hunter in the world, but also one of its most feared.",
    "type": "movie"
}