{
    "id": "10",
    "title": "Mission: Impossible - The Final Reckoning",
    "release_year": "2025",
    "genres": [
        "Action",
        "Adventure",
        "Thriller"
    ],
    "average_rating": 7.162,
    "description": "Ethan Hunt and team continue their search for the terrifying AI known as the Entity \u2014 which has infiltrated intelligence networks all over the globe \u2014 with the world's governments and a mysterious ghost from Hunt's past on their trail. Joined by new allies and armed with the means to shut the Entity down for good, Hunt is in a race against time to prevent the world as we know it from changing forever.",
    "type": "movie"
}