{
    "id": "10",
    "title": "Wicked",
    "release_year": "2024",
    "genres": [
        "Drama",
        "Romance",
        "Fantasy"
    ],
    "average_rating": 7.005,
    "description": "In the land of Oz, ostracized and misunderstood green-skinned Elphaba is forced to share a room with the popular aristocrat Glinda at Shiz University, and the two's unlikely friendship is tested as they begin to fulfill their respective destinies as Glinda the Good and the Wicked Witch of the West.",
    "type": "movie"
}