{
    "id": "100",
    "title": "The Siege",
    "release_year": "2023",
    "genres": [
        "Action",
        "Thriller"
    ],
    "average_rating": 5.4,
    "description": "International assassin Walker is compromised during a mission and sent to a reassignment center for a new identity. During his stay at the facility, a ruthless assault team storms the compound searching for someone their boss has lost. Walker begrudgingly falls in with skilled hitwoman Elda and her mysterious ward Juliet in order to survive the night.",
    "type": "movie"
}