{
    "id": "1000",
    "title": "Hotel Transylvania",
    "release_year": "2012",
    "genres": [
        "Animation",
        "Comedy",
        "Family",
        "Fantasy"
    ],
    "average_rating": 6.959,
    "description": "Welcome to Hotel Transylvania, Dracula's lavish five-stake resort, where monsters and their families can live it up and no humans are allowed. One special weekend, Dracula has invited all his best friends to celebrate his beloved daughter Mavis's 118th birthday. For Dracula catering to all of these legendary monsters is no problem but the party really starts when one ordinary guy stumbles into the hotel and changes everything!",
    "type": "movie"
}