{
    "id": "10018",
    "title": "Come Dine with Me",
    "release_year": "2005",
    "genres": [
        "Reality"
    ],
    "average_rating": 5.0,
    "description": "Amateur chefs compete against each other by hosting a dinner party for the other contestants. Each competitor then rates the host's performance with the winner winning a \u00a31,000 cash prize. An element of comedy is added to the show through comedian Dave Lamb, who provides a dry and \"bitingly sarcastic\" narration.",
    "type": "tv"
}