{
    "id": "10010",
    "title": "Gute Zeiten, schlechte Zeiten",
    "release_year": "1992",
    "genres": [
        "Drama",
        "Soap"
    ],
    "average_rating": 5.769,
    "description": "Gute Zeiten, schlechte Zeiten is a long-running German television soap opera, first broadcast on RTL in 1992. The programme concerns the lives of a fictional neighborhood in Germany's capital city Berlin. Over the years the soap opera tends to have an overhaul of young people in their late teens and early twenties; targeting a young viewership.",
    "type": "tv"
}