{
    "id": "10028",
    "title": "La mujer de mi vida",
    "release_year": "2024",
    "genres": [
        "Drama",
        "Family",
        "Comedy"
    ],
    "average_rating": 3.0,
    "description": "The series revolves around Ricardo Oribe (Iv\u00e1n S\u00e1nchez), a physically unattractive but successful businessman, dedicated to his family and in love with his beautiful wife Daniela (Ang\u00e9lica Celaya), a young aspiring actress. Ricardo's life takes a turn when his best friend Emilio (Mauricio Islas) betrays him and tries to kill him in order to take over his company and the family he never had. Despite being presumed dead by his family and friends, Ricardo is still alive, but suffering from amnesia. After a course of 15 years, Ricardo goes through several physical changes and recovers his memory.",
    "type": "tv"
}