{
    "id": "10025",
    "title": "Leave It to Beaver",
    "release_year": "1957",
    "genres": [
        "Comedy",
        "Family"
    ],
    "average_rating": 7.0,
    "description": "Leave It to Beaver is an American television situation comedy about an inquisitive and often na\u00efve boy named Theodore \"The Beaver\" Cleaver and his adventures at home, in school, and around his suburban neighborhood. The show also starred Barbara Billingsley and Hugh Beaumont as Beaver's parents, June and Ward Cleaver, and Tony Dow as Beaver's brother Wally. The show has attained an iconic status in the US, with the Cleavers exemplifying the idealized suburban family of the mid-20th century.",
    "type": "tv"
}