{
    "id": "10034",
    "title": "Pap\u00e1s por conveniencia",
    "release_year": "2024",
    "genres": [
        "Comedy",
        "Drama",
        "Family",
        "Action & Adventure",
        "Kids"
    ],
    "average_rating": 7.833,
    "description": "Tino, a single father who faces great challenges in raising his two children, finds out one day that he is also the father of two rebellious teenagers, children of Aid\u00e9, a former high school classmate who has become an important businesswoman. For Tino, this news becomes an opportunity to take on the role of father of the children he never knew he had. Thus, he begins to work at Aid\u00e9's company, but everything gets complicated when Tino and his family move into Aid\u00e9's house to integrate into her new life. The house becomes a battlefield, both of their children have problems adapting, and love resurfaces between Tino and Aid\u00e9 and a torrid romance begins. But building this new life for Aid\u00e9, Tino and their children will not be easy; they will have to face serious obstacles, always supported by the strength of their love and that of their children.",
    "type": "tv"
}