{
    "id": "1003",
    "title": "1992",
    "release_year": "2022",
    "genres": [
        "Crime",
        "Thriller",
        "Action"
    ],
    "average_rating": 6.9,
    "description": "In 1992, Mercer is desperately trying to rebuild his life and his relationship with his son amidst the turbulent Los Angeles uprising following the Rodney King verdict. Across town, another father and son put their own strained relationship to the test as they plot a dangerous heist to steal catalytic converters, which contain valuable platinum from the factory where Mercer works. As tensions rise and chaos erupts, both families reach their boiling points when their worlds collide.",
    "type": "movie"
}