{
    "id": "10037",
    "title": "Ready Steady Cook South Africa",
    "release_year": "2024",
    "genres": [
        "Reality"
    ],
    "average_rating": 4.5,
    "description": "In Ready Steady Cook, two teams - a Red Tomato and a Green Pepper - compete in a Red Kitchen and a Green Kitchen, together with a South African chef on each side and paired with enthusiastic home cooks, as they are challenged creatively with a mystery bag of ingredients in a 20-minute cook-off.",
    "type": "tv"
}