{
    "id": "10035",
    "title": "The Amazing Race",
    "release_year": "2001",
    "genres": [
        "Reality"
    ],
    "average_rating": 6.9,
    "description": "This reality competition sees teams embark on a trek around the world to amazing destinations where they must compete in a series of challenges, some mental and some physical. Only when the tasks are completed will they learn of their next location. Teams who are the farthest behind will gradually be eliminated as the contest progresses, with the first team to arrive at the final destination winning the race and the $1 million prize.",
    "type": "tv"
}