{
    "id": "10035",
    "title": "Kelders van Geheime",
    "release_year": "2024",
    "genres": [
        "Soap"
    ],
    "average_rating": 6.0,
    "description": "Kelders van Geheime (Cellars of Secrets) is a South African, Afrikaans-language telenovela based on the wheeling's and dealings of the community that lives on Soebatskloof (a wine farm in the Cape). The series focuses on three families: the Abrahams, Syster and Marais households. These families will have to stand together, agree (or agree to disagree), and work together to earn their bread and butter \u2013 and a glass of wine.",
    "type": "tv"
}