{
    "id": "10041",
    "title": "Die Harald Schmidt Show",
    "release_year": "1995",
    "genres": [
        "Reality"
    ],
    "average_rating": 7.0,
    "description": "The Harald Schmidt Show is a German late night talk show hosted on Sky Deutschland by comedian Harald Schmidt. The show first aired from 5 December 1995 to 23 December 2003 on Sat.1. Schmidt then moved his show to Das Erste as Harald Schmidt and Schmidt & Pocher, but he returned to Sat.1 on 13 September 2011. After cancellation on Sat.1, the show continued on Sky Deutschland in September 2012.",
    "type": "tv"
}