{
    "id": "1004",
    "title": "The Martian",
    "release_year": "2015",
    "genres": [
        "Drama",
        "Adventure",
        "Science Fiction"
    ],
    "average_rating": 7.7,
    "description": "During a manned mission to Mars, Astronaut Mark Watney is presumed dead after a fierce storm and left behind by his crew. But Watney has survived and finds himself stranded and alone on the hostile planet. With only meager supplies, he must draw upon his ingenuity, wit and spirit to subsist and find a way to signal to Earth that he is alive.",
    "type": "movie"
}