{
    "id": "10040",
    "title": "Duel Masters",
    "release_year": "2002",
    "genres": [
        "Action & Adventure",
        "Animation",
        "Sci-Fi & Fantasy",
        "Kids"
    ],
    "average_rating": 6.1,
    "description": "A mysterious organization is interested in fledging duelist Shobu Kirifuda's ability to bring Duel Master creatures to life. With the support of his friends, Shobu duels with passion, discipline, and heart as he strives to be like his father and become the next Kaijudo master.",
    "type": "tv"
}