{
    "id": "10051",
    "title": "Inazuma Eleven",
    "release_year": "2008",
    "genres": [
        "Animation",
        "Sci-Fi & Fantasy"
    ],
    "average_rating": 8.0,
    "description": "Mamoru Endou is a cheerful goalkeeper in Raimon Jr High, with six other players in the team. But there was a day when the team was almost lead to disbandment by Natsumi unless they are able to win the match against the Teikoku Gakuen, currently the best team in Japan. He tried to save the club by gathering four more players to join the team.",
    "type": "tv"
}