{
    "id": "10056",
    "title": "I Love Lucy",
    "release_year": "1951",
    "genres": [
        "Comedy",
        "Family"
    ],
    "average_rating": 7.916,
    "description": "Cuban Bandleader Ricky Ricardo would be happy if his wife Lucy would just be a housewife. Instead she tries constantly to perform at the Tropicana where he works, and make life comically frantic in the apartment building they share with landlords Fred and Ethel Mertz, who also happen to be their best friends.",
    "type": "tv"
}