{
    "id": "10058",
    "title": "Oshin",
    "release_year": "1983",
    "genres": [
        "Drama",
        "Family",
        "War & Politics"
    ],
    "average_rating": 6.4,
    "description": "Oshin is a Japanese serialized morning television drama, which aired on broadcaster NHK from April 4, 1983 to March 31, 1984. The series follows the life of Shin Tanokura during the Meiji period up to the early 1980s. Shin was called \"Oshin\", which is an archaic Japanese cognomen.",
    "type": "tv"
}