{
    "id": "10054",
    "title": "Girlfriends",
    "release_year": "2000",
    "genres": [
        "Drama",
        "Comedy"
    ],
    "average_rating": 7.2,
    "description": "The series revolves around the friendship of four African-American women in different phases of their lives. They explore the many trials and tribulations that most women face today such as relationships, family, friends and other current issues that will interest most women. Whether it\u2019s getting over a divorce, finding a career, or looking for true love, Girlfriends delivers along with comedy and wit.",
    "type": "tv"
}