{
    "id": "1006",
    "title": "Rango",
    "release_year": "2011",
    "genres": [
        "Animation",
        "Comedy",
        "Family",
        "Western",
        "Adventure"
    ],
    "average_rating": 6.863,
    "description": "When Rango, a lost family pet, accidentally winds up in the gritty, gun-slinging town of Dirt, the less-than-courageous lizard suddenly finds he stands out. Welcomed as the last hope the town has been waiting for, new Sheriff Rango is forced to play his new role to the hilt.",
    "type": "movie"
}