{
    "id": "10065",
    "title": "My Little Old Boy",
    "release_year": "2016",
    "genres": [
        "Reality",
        "Talk"
    ],
    "average_rating": 5.3,
    "description": "How much do you know about your grown up son? In Mom\u2019s Diary, the daily lives of the grown up celebrity sons are closely observed by their mothers. Do you know why your son drinks so much these days? How much do you know about your son\u2019s philosophy in his life style? Heart-warming moments of observational communication between a mother and a son can be seen on Mom\u2019s Diary.",
    "type": "tv"
}