{
    "id": "10061",
    "title": "Jewelpet",
    "release_year": "2009",
    "genres": [
        "Animation",
        "Action & Adventure",
        "Kids"
    ],
    "average_rating": 8.8,
    "description": "A junior high school student named Rinko becomes partners with a rabbit Jewelpet named Ruby. Together they try to find the Jewel Charms that dropped from Jewel Land into the world of the humans. Along with their friends, Rinko and Ruby help others solve their problems while using the magic of Jewelpets.",
    "type": "tv"
}