{
    "id": "10060",
    "title": "Modern Marvels",
    "release_year": "1993",
    "genres": [
        "Documentary"
    ],
    "average_rating": 8.0,
    "description": "HISTORY\u2019s longest-running series moves to H2. Modern Marvels celebrates the ingenuity, invention and imagination found in the world around us. From commonplace items like ink and coffee to architectural masterpieces and engineering disasters, the hit series goes beyond the basics to provide insight and history into things we wonder about and that impact our lives. This series tells fascinating stories of the doers, the dreamers and sometime-schemers that create everyday items, technological breakthroughs and manmade wonders. The hit series goes deep to explore the leading edge of human inspiration and ambition.",
    "type": "tv"
}