{
    "id": "1007",
    "title": "The Bourne Identity",
    "release_year": "2002",
    "genres": [
        "Action",
        "Drama",
        "Mystery",
        "Thriller"
    ],
    "average_rating": 7.5,
    "description": "Wounded to the brink of death and suffering from amnesia, Jason Bourne is rescued at sea by a fisherman. With nothing to go on but a Swiss bank account number, he starts to reconstruct his life, but finds that many people he encounters want him dead. However, Bourne realizes that he has the combat and mental skills of a world-class spy\u2014but who does he work for?",
    "type": "movie"
}