{
    "id": "10073",
    "title": "Extreme Makeover: Home Edition",
    "release_year": "2003",
    "genres": [
        "Reality"
    ],
    "average_rating": 6.6,
    "description": "Extreme Makeover: Home Edition is an American reality television series providing home improvements for less fortunate families and community schools. The show is hosted by carpenter and veteran television personality Ty Pennington.\n\nEach episode features a family that has faced some sort of recent or ongoing hardship such as a natural disaster or a family member with a life-threatening illness, in need of new hope. The show's producers coordinate with a local construction contractor, which then coordinates with various companies in the building trades for a makeover of the family's home. This includes interior, exterior and landscaping, performed in seven days while the family is on vacation and documented in the episode. If the house is beyond repair, they replace it entirely.",
    "type": "tv"
}