{
    "id": "1007",
    "title": "A.I. Artificial Intelligence",
    "release_year": "2001",
    "genres": [
        "Drama",
        "Science Fiction",
        "Adventure"
    ],
    "average_rating": 7.046,
    "description": "David, a robotic boy\u2014the first of his kind programmed to love\u2014is adopted as a test case by a Cybertronics employee and his wife. Though he gradually becomes their child, a series of unexpected circumstances make this life impossible for David.",
    "type": "movie"
}