{
    "id": "10086",
    "title": "Hell Girl",
    "release_year": "2005",
    "genres": [
        "Animation",
        "Drama",
        "Mystery",
        "Sci-Fi & Fantasy"
    ],
    "average_rating": 8.2,
    "description": "A supernatural system allows people to take revenge by having other people sent to Hell via the services of a mysterious entity and her assistants who implement this system. Revenge, injustice, hatred, and the nature of human emotions are common themes throughout the series.",
    "type": "tv"
}