{
    "id": "10087",
    "title": "The Last of Us",
    "release_year": "2023",
    "genres": [
        "Drama"
    ],
    "average_rating": 8.53,
    "description": "Twenty years after modern civilization has been destroyed, Joel, a hardened survivor, is hired to smuggle Ellie, a 14-year-old girl, out of an oppressive quarantine zone. What starts as a small job soon becomes a brutal, heartbreaking journey, as they both must traverse the United States and depend on each other for survival.",
    "type": "tv"
}