{
    "id": "10088",
    "title": "Bharaghar",
    "release_year": "2012",
    "genres": [
        "Family",
        "Drama",
        "Comedy"
    ],
    "average_rating": 8.0,
    "description": "The Tele-serial BHARAGHAR revolves around a family and their various tenants. Based on the relationships between the house owner\u2019s family and the families of the various tenants, the plot of BHARAGHAR is mainly comic and also encompasses the lives of a few neighbours. The different plots are actually a broader reflection of the urban Assamese society. Crisp dialogues and stand-out performances by the cast of the tele-serial has made it one of the most-watched TV serial in the history of Assamese television. Every episode is conceived with a view to providing viewers wholesome entertainment.",
    "type": "tv"
}