{
    "id": "10083",
    "title": "King of the Hill",
    "release_year": "1997",
    "genres": [
        "Animation",
        "Comedy",
        "Family"
    ],
    "average_rating": 7.332,
    "description": "Set in Texas, this animated series follows the life of propane salesman Hank Hill, who lives with his overly confident substitute Spanish teacher wife Peggy, wannabe comedian son Bobby, and naive niece Luanne. Hank has conservative views about God, family, and country, but his values and ethics are often challenged by the situations he, his family, and his beer-drinking neighbors/buddies find themselves in.",
    "type": "tv"
}