{
    "id": "10084",
    "title": "Beat Bobby Flay",
    "release_year": "2013",
    "genres": [
        "Reality"
    ],
    "average_rating": 6.5,
    "description": "Two talented chefs go head-to-head for the chance to Beat Bobby Flay. To get to Bobby the chefs must first face off against each other, creating a spectacular dish with a secret ingredient of Bobby's choice. Judges Alex Guarnaschelli and Jeff Mauro know Bobby's strengths and his weaknesses. Their goal: Pick the chef who has the skills to take down Bobby Flay in his own arena. The winning chef gets to challenge Bobby with his or her surprise signature dish. If Bobby goes down, the winner can tell the world, \"I beat Bobby Flay!\"",
    "type": "tv"
}