{
    "id": "10092",
    "title": "Timewatch",
    "release_year": "1982",
    "genres": [
        "Documentary"
    ],
    "average_rating": 6.9,
    "description": "Timewatch is a long-running British television series showing documentaries on historical subjects, spanning all human history. It was first broadcast on 29 September 1982 and is produced by the BBC, the Timewatch brandname is used as a banner title in the UK, but many of the individual documentaries can be found on US cable channels without the branding.",
    "type": "tv"
}