{
    "id": "10091",
    "title": "The Chew",
    "release_year": "2011",
    "genres": [
        "Talk"
    ],
    "average_rating": 5.5,
    "description": "The Chew is an American talk show/cooking show that airs in the United States on ABC as part of the network's weekday daytime lineup. The name and format was inspired by the talk show The View, though centering on food-related and lifestyle topics. Each episode has its own title based upon the episode's theme. The program also airs in Canada on the stations of the Citytv television system. The show is recorded at ABC Studio 40 West 66th Street, New York City.\n\nIt premiered on September 26, 2011 and replaced the soap opera All My Children. It is hosted by Iron Chef America's Mario Batali and Michael Symon, Top Chef's Carla Hall, What Not to Wear's Clinton Kelly, and Dr. Mehmet Oz's daughter, author and wellness enthusiast Daphne Oz.\n\nEvette Rios, Marc Summers, former Food Network personality Danny Boome and Jason Roberts serve as correspondents for taped segments. Guest co-hosts have included Emeril Lagasse, Ming Tsai, Scott Conant, Sunny Anderson and Evette Rios. A scenic designer with the show, Ivan Giovanettina, a native of Switzerland, was shot dead in Bedford\u2013Stuyvesant, Brooklyn on January 10, 2013.",
    "type": "tv"
}