{
    "id": "10093",
    "title": "Kids Incorporated",
    "release_year": "1983",
    "genres": [
        "Drama"
    ],
    "average_rating": 7.8,
    "description": "Kids Incorporated, also known as Kids Inc., was an American children's television program. It was largely a youth-oriented program with musical performances as an integral part of each and every storyline. The pilot episode was shot in September 1, 1983. The show aired in September 1, 1984 and ended in February 9, 1994. Reruns aired on Disney Channel until May 30, 1996.",
    "type": "tv"
}