{
    "id": "10095",
    "title": "Law & Order: Special Victims Unit",
    "release_year": "1999",
    "genres": [
        "Crime",
        "Drama",
        "Mystery"
    ],
    "average_rating": 7.9,
    "description": "In the criminal justice system, sexually-based offenses are considered especially heinous. In New York City, the dedicated detectives who investigate these vicious felonies are members of an elite squad known as the Special Victims Unit. These are their stories.",
    "type": "tv"
}