{
    "id": "10103",
    "title": "Rescue Me",
    "release_year": "2004",
    "genres": [
        "Drama"
    ],
    "average_rating": 7.7,
    "description": "Rescue Me revolves around the lives of the men in a New York City firehouse, the crew of 62 Truck. Examining the fraternal nature and relationships of firefighters, the series tackles the daily drama of the life-and-death situations associated with being a firefighter, while exploring the ways the men use dark humor to protect their true emotions.",
    "type": "tv"
}