{
    "id": "10100",
    "title": "Married at First Sight",
    "release_year": "2015",
    "genres": [
        "Reality"
    ],
    "average_rating": 7.4,
    "description": "Working with leading relationship experts, eight Australian singles are carefully match-made into four married couples, who each meet each other - for the very first time - at their wedding. We'll follow them as they marry, honeymoon, meet the in-laws and set up home, all the while getting to know one another more and more deeply, to see if the matchmakers have got it right and they will have a future together.",
    "type": "tv"
}