{
    "id": "10105",
    "title": "The Late Show with Stephen Colbert",
    "release_year": "2015",
    "genres": [
        "Comedy",
        "Talk"
    ],
    "average_rating": 6.527,
    "description": "Stephen Colbert brings his signature satire and comedy to The Late Show with Stephen Colbert, the #1 show in late night, where he talks with an eclectic mix of guests about what is new and relevant in the worlds of politics, entertainment, business, music, technology, and more. Featuring bandleader Jon Batiste with his band Stay Human, the Emmy Award-nominated show is broadcast from the historic Ed Sullivan Theater. Stephen Colbert, Chris Licht, Tom Purcell, and Jon Stewart are executive producers. Barry Julien and Denise Rehrig serve as co-executive producers.must watch",
    "type": "tv"
}