{
    "id": "10103",
    "title": "Ninja Boy Rantaro",
    "release_year": "1993",
    "genres": [
        "Comedy",
        "Action & Adventure",
        "Kids",
        "Animation",
        "Family"
    ],
    "average_rating": 6.2,
    "description": "Rantar\u014d, Shinbei and Kirimaru are ninja  apprentices in the Ninja Gakuen, where first grade ones are called  \"Nintamas\". They must learn  everything a ninja must know, but as for our heroes, money, food or  playing are more interesting. The series show the everyday adventures of  our heroes.",
    "type": "tv"
}