{
    "id": "10115",
    "title": "St. Elsewhere",
    "release_year": "1982",
    "genres": [
        "Drama"
    ],
    "average_rating": 5.5,
    "description": "St. Elsewhere is an American medical drama television series that originally ran on NBC from October 26, 1982 to May 25, 1988. The series starred Ed Flanders, Norman Lloyd and William Daniels as teaching doctors at a lightly-regarded Boston hospital who gave interns a promising future in making critical medical and life decisions.",
    "type": "tv"
}