{
    "id": "10116",
    "title": "Min arxizeis ti moyrmoyra",
    "release_year": "2013",
    "genres": [
        "Comedy"
    ],
    "average_rating": 7.1,
    "description": "The premise of the series revolves around the daily lives of different couples of all ages from 20 to 65, but who are not connected to each other. Each couple has their own space where they live, while the story of each couple in each episode is not connected to the stories of the other couples.",
    "type": "tv"
}