{
    "id": "10114",
    "title": "KochiKame",
    "release_year": "1996",
    "genres": [
        "Animation",
        "Comedy",
        "Crime",
        "Family",
        "Action & Adventure"
    ],
    "average_rating": 7.9,
    "description": "Ryotsu Kankichi, or Ryo-san for short, is an unconventional cop working at the local police station who loves money. Together with famous celebrities like Nakagawa and Reiko, his strict boss Police Chief Ohara, and other wildly unique characters, he gets everyone caught up in all sorts of hijinks!",
    "type": "tv"
}