{
    "id": "10121",
    "title": "La Do\u00f1a",
    "release_year": "2016",
    "genres": [
        "Drama",
        "Soap"
    ],
    "average_rating": 7.355,
    "description": "A story of revenge and ambition, seduction and betrayal; all told from the perspective of an offended and abused woman named Altagracia. Altagracia represents the hundreds of thousands of Mexican women who have been victims of the violence by faceless men who are protected by impunity. But Altagracia, transformed into a strong-willed, ruthless man-eater known as La Do\u00f1a, will seek out each and every one of these men to bring them to justice.",
    "type": "tv"
}