{
    "id": "10123",
    "title": "Money is Coming",
    "release_year": "2025",
    "genres": [
        "Drama"
    ],
    "average_rating": 0.0,
    "description": "In a tale of fate and resilience, the troubled Crown Prince of Li Dynasty and the wise and courageous Princess Yuexi grow from acquaintances to deep confidants. They silently support and heal each other, bravely confront enemies, uncover the truth, and face life\u2019s challenges together, driven by their love for one another.",
    "type": "tv"
}