{
    "id": "10128",
    "title": "Breaking Bad",
    "release_year": "2008",
    "genres": [
        "Drama",
        "Crime"
    ],
    "average_rating": 8.9,
    "description": "Walter White, a New Mexico chemistry teacher, is diagnosed with Stage III cancer and given a prognosis of only two years left to live. He becomes filled with a sense of fearlessness and an unrelenting desire to secure his family's financial future at any cost as he enters the dangerous world of drugs and crime.",
    "type": "tv"
}