{
    "id": "10125",
    "title": "Karmaphal Daata Shani",
    "release_year": "2016",
    "genres": [
        "Sci-Fi & Fantasy",
        "Drama"
    ],
    "average_rating": 0.0,
    "description": "The story of the series is based on the life of God Shani, who is known for his wrath. The serial also shows Vishnu and Shiva as Shani's mentors. It also shows Shani's tough childhood, getting the rank of Karmafaldaata, downfall, return to Suryalok, marriage, getting his wife's curse and finally his return as Karmfaldaata.",
    "type": "tv"
}