{
    "id": "1012",
    "title": "Megalopolis",
    "release_year": "2024",
    "genres": [
        "Science Fiction",
        "Drama"
    ],
    "average_rating": 5.3,
    "description": "Genius artist Cesar Catilina seeks to leap the City of New Rome into a utopian, idealistic future, while his opposition, Mayor Franklyn Cicero, remains committed to a regressive status quo, perpetuating greed, special interests, and partisan warfare. Torn between them is socialite Julia Cicero, the mayor\u2019s daughter, whose love for Cesar has divided her loyalties, forcing her to discover what she truly believes humanity deserves.",
    "type": "movie"
}