{
    "id": "10123",
    "title": "The Lone Ranger",
    "release_year": "1949",
    "genres": [
        "Western",
        "Action & Adventure"
    ],
    "average_rating": 6.7,
    "description": "The Lone Ranger is an American western television series that ran from 1949 to 1957, starring Clayton Moore with Jay Silverheels as Tonto. The live-action series initially featured Gerald Mohr as the episode narrator. Fred Foy served as both narrator and announcer of the radio series from 1948 to its finish and became announcer of the television version when story narration was dropped there. This was by far the highest-rated television program on the ABC network in the early 1950s and its first true \"hit\".",
    "type": "tv"
}