{
    "id": "10133",
    "title": "Undressed",
    "release_year": "1999",
    "genres": [
        "Drama",
        "Comedy"
    ],
    "average_rating": 7.5,
    "description": "A peek behind closed doors at the intricacies of modern relationships. Each episode features three different fictional stories and follows various characters to see what happened during their most intimate moments. No subject is too taboo. All the stories have one very important thing in common, though: someone inevitably gets undressed.",
    "type": "tv"
}