{
    "id": "1014",
    "title": "The Departed",
    "release_year": "2006",
    "genres": [
        "Drama",
        "Thriller",
        "Crime"
    ],
    "average_rating": 8.159,
    "description": "To take down South Boston's Irish Mafia, the police send in one of their own to infiltrate the underworld, not realizing the syndicate has done likewise. While an undercover cop curries favor with the mob kingpin, a career criminal rises through the police ranks. But both sides soon discover there's a mole among them.",
    "type": "movie"
}