{
    "id": "1014",
    "title": "Private call",
    "release_year": "2023",
    "genres": [
        "Thriller",
        "Action"
    ],
    "average_rating": 9.125,
    "description": "A mysterious phone call will change the life of the writer Valentino Lombardi and his family. He will be violently harassed by a psychopath who will play the bloodiest and most macabre horror story with him. But that's not all, for years he has studied it and will take revenge by torturing anyone who meddles. They must fight to survive and face such an atrocity. Who is it? And what do you want?",
    "type": "movie"
}