{
    "id": "10149",
    "title": "The Prince of Tennis",
    "release_year": "2001",
    "genres": [
        "Animation",
        "Comedy"
    ],
    "average_rating": 8.3,
    "description": "Ryoma Echizen is a young tennis prodigy who has won 4 consecutive tennis championships but who constantly lies in the shadow of his father, a former pro tennis player. He joins the Seishun Gakuen junior highschool, one of the best tennis schools in Japan, and there along with his teamates he learns to find his own type of tennis in an attempt to defeat his biggest obstacle of all: his father as well as himself.",
    "type": "tv"
}