{
    "id": "10148",
    "title": "Downtown no Gottsu Ee Kanji",
    "release_year": "1991",
    "genres": [
        "Comedy"
    ],
    "average_rating": 0.0,
    "description": "Downtown no Gottsu Ee Kanji (\u30c0\u30a6\u30f3\u30bf\u30a6\u30f3\u306e\u3054\u3063\u3064\u3048\u3048\u611f\u3058, roughly \"Downtown's Feeling Real Good\"), was a Japanese variety show. It premiered on December 8, 1991 and ended its run on November 2, 1997. It aired on Fuji TV every Sunday night. Hosted by the comedy duo Downtown (consisting of Masatoshi Hamada and Hitoshi Matsumoto), it had several other actors and comedians in its regular cast, including You, Koji Imada, Koji Higashino, Itsuji Itao, Ryoko Shinohara and Honkon (Takahiro Kurano). Like most other Japanese variety shows, it featured guest interviews and games, but it is best known and remembered for its sketch comedy. Downtown and other cast members would dress in costumes and perform absurd skits with bizarre characters.",
    "type": "tv"
}