{
    "id": "10154",
    "title": "Survivor",
    "release_year": "2000",
    "genres": [
        "Reality"
    ],
    "average_rating": 7.353,
    "description": "A reality show contest where sixteen or more castaways split between two or more \u201cTribes\u201d are taken to a remote isolated location and are forced to live off the land with meager supplies for roughly 39 days. Frequent physical challenges are used to pit the tribes against each other for rewards, such as food or luxuries, or for \u201cImmunity\u201d, forcing the other tribe to attend \u201cTribal Council\u201d, where they must vote off one of their players.",
    "type": "tv"
}