{
    "id": "1015",
    "title": "Shark Tale",
    "release_year": "2004",
    "genres": [
        "Animation",
        "Action",
        "Comedy",
        "Family"
    ],
    "average_rating": 6.028,
    "description": "Oscar is a small fish whose big aspirations often get him into trouble. Meanwhile, Lenny is a great white shark with a surprising secret that no sea creature would guess: He's a vegetarian. When a lie turns Oscar into an improbable hero and Lenny becomes an outcast, the two form an unlikely friendship.",
    "type": "movie"
}