{
    "id": "10157",
    "title": "Lucifer",
    "release_year": "2016",
    "genres": [
        "Crime",
        "Sci-Fi & Fantasy"
    ],
    "average_rating": 8.5,
    "description": "Bored and unhappy as the Lord of Hell, Lucifer Morningstar abandoned his throne and retired to Los Angeles, where he has teamed up with LAPD detective Chloe Decker to take down criminals.\u00a0But the longer he's away from the underworld, the greater the threat that the worst of humanity could escape.",
    "type": "tv"
}