{
    "id": "10160",
    "title": "Eureka Seven",
    "release_year": "2005",
    "genres": [
        "Action & Adventure",
        "Sci-Fi & Fantasy",
        "Animation",
        "Drama"
    ],
    "average_rating": 7.5,
    "description": "Renton Thurston desires to leave his home behind and join the mercenary group known as Gekkostate, hoping to find some adventure. When a robot crashes through Renton's garage the meeting sparks the beginning of Renton's involvement with Gekkostate as he takes off alongside the young girl Eureka as the co-pilot of the Nirvash.",
    "type": "tv"
}