{
    "id": "10161",
    "title": "Blue's Clues",
    "release_year": "1996",
    "genres": [
        "Kids"
    ],
    "average_rating": 7.696,
    "description": "Blue's Clues is a colorful and learning series that is targeted at the younger crowd, but can be enjoyed by all. The host, Steve Burns, invites viewers daily into the Blue's Clues house to help him out, learn and have fun. The show is based around the host looking for three clues that Blue provides by labelling them with a pawprint to figure something out and in the process, having an adventure.",
    "type": "tv"
}