{
    "id": "10162",
    "title": "Hee Haw",
    "release_year": "1969",
    "genres": [
        "Comedy"
    ],
    "average_rating": 7.6,
    "description": "Hee Haw was an American variety show featuring a mixture of country music and comedy skits. Co-hosted by Buck Owens and Roy Clark for most of the series, the show also guested well-established country music stars including Johnny Cash and Dolly Parton. Originally airing on CBS from 1969 to 1971, the show ran for over 20 years in syndication until 1993.",
    "type": "tv"
}