{
    "id": "10187",
    "title": "Australian Idol",
    "release_year": "2003",
    "genres": [
        "Reality"
    ],
    "average_rating": 4.0,
    "description": "Australian Idol is an Australian singing competition, which began its first season in July 2003 and ended its original run in November 2009 before being revived in January 2023. As part of the Idol franchise, Australian Idol originated from the reality program Pop Idol, which was created by British entertainment executive Simon Fuller. Australian Idol was televised on Network Ten for its first seven series and was broadcast on Austereo Radio Network between 2005 and 2007.",
    "type": "tv"
}