{
    "id": "10188",
    "title": "Ironside",
    "release_year": "1967",
    "genres": [
        "Crime",
        "Drama",
        "Mystery"
    ],
    "average_rating": 6.8,
    "description": "When an assassin's bullet confines him to a wheelchair for life ending his career as Chief of Detectives, Robert T. Ironside becomes a consultant to the police department. Detective Sergeant Ed Brown and policewoman Eve Whitfield join with him to crack varied and fascinating cases. Ex-con Mark Sanger is employed by the chief as home help but eventually becomes a fully fledged member of the team also. Officer Whitfield leaves after 4 years service, and is replaced by Officer Fran Belding.",
    "type": "tv"
}