{
    "id": "10181",
    "title": "New Tricks",
    "release_year": "2004",
    "genres": [
        "Drama",
        "Comedy"
    ],
    "average_rating": 7.4,
    "description": "New Tricks is a British comedy-drama that follows the work of the fictional Unsolved Crime and Open Case Squad of the Metropolitan Police Service. Originally led by Detective Superintendent Sandra Pullman, it is made up of retired police officers who have been recruited to reinvestigate unsolved crimes.",
    "type": "tv"
}