{
    "id": "10186",
    "title": "The Ultimate Fighter",
    "release_year": "2005",
    "genres": [
        "Reality"
    ],
    "average_rating": 6.2,
    "description": "The Ultimate Fighter is an American reality television series and mixed martial arts (MMA) competition produced by the Ultimate Fighting Championship (UFC) and Pilgrim Media Group currently airing on ESPN+. It previously aired for fourteen seasons on Spike TV. The show features professional MMA fighters living together in Las Vegas, Nevada, and follows them as they train and compete against each other for a prized six-figure contract with the UFC. The series debuted on January 17, 2005.",
    "type": "tv"
}