{
    "id": "10194",
    "title": "Moomin",
    "release_year": "1990",
    "genres": [
        "Animation",
        "Family",
        "Kids",
        "Sci-Fi & Fantasy",
        "Comedy"
    ],
    "average_rating": 8.6,
    "description": "In the remote and mysterious Moominvalley live the Moomins, gentle and peaceful creatures. Young Moomintroll and his family experience many strange adventures, both magical and mundane. Based on the children's stories by Tove Jansson.",
    "type": "tv"
}