{
    "id": "10191",
    "title": "L for Love",
    "release_year": "2000",
    "genres": [
        "Soap"
    ],
    "average_rating": 3.2,
    "description": "M jak mi\u0142o\u015b\u0107 is a Polish soap opera, revolving around the multiple generations of the Mostowiak family. The series premiered on November 4, 2000 on TVP2, primarily as a weekly drama, and after one season shifting into a new timeslot and extending to two episodes per week. For the last few years the show has been the most watched drama on Polish television. Its popularity led to a Russian adaptation, entitled Lyubov kak Lyubov.\n\nThe series is also broadcast on the international channel TVP Polonia with English subtitles.",
    "type": "tv"
}