{
    "id": "10206",
    "title": "9-1-1",
    "release_year": "2018",
    "genres": [
        "Drama",
        "Crime",
        "Action & Adventure"
    ],
    "average_rating": 8.235,
    "description": "Explore the high-pressure experiences of police officers, paramedics and firefighters who are thrust into the most frightening, shocking and heart-stopping situations. These emergency responders must try to balance saving those who are at their most vulnerable with solving the problems in their own lives.",
    "type": "tv"
}