{
    "id": "10206",
    "title": "Falcon Crest",
    "release_year": "1981",
    "genres": [
        "Soap",
        "Drama"
    ],
    "average_rating": 5.5,
    "description": "Falcon Crest is an American primetime television soap opera which aired on the CBS network for nine seasons, from December 4, 1981 to May 17, 1990. A total of 227 episodes were produced.\n\nThe series revolves around the feuding factions of the wealthy Gioberti/Channing family in the Californian wine industry. Jane Wyman starred as Angela Channing, the tyrannical matriarch of the Falcon Crest Winery, alongside Robert Foxworth as Chase Gioberti, Angela's nephew who returns to Falcon Crest following the death of his father. The series was set in the fictitious Tuscany Valley northeast of San Francisco.",
    "type": "tv"
}