{
    "id": "10203",
    "title": "Caillou",
    "release_year": "1998",
    "genres": [
        "Animation",
        "Family",
        "Kids"
    ],
    "average_rating": 5.4,
    "description": "Caillou is an educational Canadian children's television series, based on the books by author Christine L'Heureux and illustrator H\u00e9l\u00e8ne Desputeaux. During the first season, many of the stories in the animated version began with a grandmother introducing the story to her grandchildren, then reading the story about the book. Since 1997, the narrator/grandmother is an unseen character. Caillou first aired on Canada's Teletoon channel in 1998; it later made its United States debut in English on Public Broadcasting Service Public television on September 4, 2000 A 5th Season came out in 2013 = and it airs on PBS Kids. Caillou also airs on PBS Sprout.",
    "type": "tv"
}