{
    "id": "10218",
    "title": "Intimate Portrait",
    "release_year": "1993",
    "genres": [
        "Documentary"
    ],
    "average_rating": 4.5,
    "description": "Intimate Portrait is a biographical television series on the Lifetime Television cable network focusing on different celebrities, which includes interviews with each subject.\n\nAmong the people profiled were Grace Kelly, Natalie Wood, Carly Simon, Jackie Kennedy, Katharine Hepburn, Carol Burnett, Tanya Tucker, and Marla Maples.",
    "type": "tv"
}