{
    "id": "10217",
    "title": "Brave Son of India: Maharana Pratap",
    "release_year": "2013",
    "genres": [
        "Documentary",
        "Drama"
    ],
    "average_rating": 6.2,
    "description": "Bharat Ka Veer Putra \u2013 Maharana Pratap is an Indian television series produced by Abhimanyu Singh of Contiloe Entertainment, based on the life of 16th century Rajput ruler of Mewar, Maharana Pratap Singh. The series premiered on Sony TV on May 27, 2013. The series is introduced by Bollywood actor Amitabh Bachchan.",
    "type": "tv"
}