{
    "id": "10214",
    "title": "Criminal Minds",
    "release_year": "2005",
    "genres": [
        "Crime",
        "Drama",
        "Mystery"
    ],
    "average_rating": 8.31,
    "description": "An elite team of FBI profilers analyze the country's most twisted criminal minds, anticipating their next moves before they strike again. The Behavioral Analysis Unit's most experienced agent is David Rossi, a founding member of the BAU who returns to help the team solve new cases.",
    "type": "tv"
}