{
    "id": "10223",
    "title": "Happy Together",
    "release_year": "2006",
    "genres": [
        "Comedy",
        "Drama",
        "Family"
    ],
    "average_rating": 5.6,
    "description": "The ordinary life of an ordinary family from the province: a couple, 2 children, a dog and neighbors. Dasha is a housewife who loves to watch TV shows and go shopping. Her husband, Gena, is a shoe store manager, likes to hang around in the garage and watch football with friends. Their daughter Sveta is a student of high school, changes the guys every week. And their son Roma is playing computer thew whole day and intrigues sister. Bukins quarrel at least once a day - so they have fun. They have been together for 16 years and still love each other. This is the happiest family in the world.",
    "type": "tv"
}