{
    "id": "10226",
    "title": "Spicks and Specks",
    "release_year": "2005",
    "genres": [
        "Comedy"
    ],
    "average_rating": 6.7,
    "description": "Adam Hills, one of Australia's favourite comedians and winner of Edinburgh's Best of the Fest award, is joined by two team captains, comedian and actor Alan Brough and radio breakfast announcer Myf Warhurst, as well as brave personalities who enjoy having long forgotten embarrassing stories laughed about on national television.\n\nTwo teams go head to head as they sing, shout and delve deep into the recesses of their collective minds to help earn their team an extremely inglorious victory.",
    "type": "tv"
}