{
    "id": "10227",
    "title": "L\u00f6wenzahn",
    "release_year": "1981",
    "genres": [
        "Family"
    ],
    "average_rating": 7.8,
    "description": "Each 30 minute episode is dedicated to a separate issue or theme and consists mainly of related short featurettes, which explain, explore and educate how things of everyday life and even complex systems work. It spans a wide variety of topics from technology and industry to something as mundane as how the postal service works.",
    "type": "tv"
}