{
    "id": "10220",
    "title": "Impractical Jokers",
    "release_year": "2011",
    "genres": [
        "Comedy"
    ],
    "average_rating": 7.909,
    "description": "This hidden-camera series follows four lifelong friends -- Brian \"Q\"' Quinn, James \"Murr\"' Murray, Joe Gatto and Sal Vulcano -- who take dares to an outrageous level. To find out who is best under pressure, the guys compete in awkward and outrageous hidden-camera hijinks with the loser performing what is deemed to be the most-mortifying challenge yet.",
    "type": "tv"
}