{
    "id": "10233",
    "title": "Take the High Road",
    "release_year": "1980",
    "genres": [
        "Soap",
        "Drama"
    ],
    "average_rating": 5.2,
    "description": "Take the High Road was a British soap opera produced by Scottish Television, set in the fictional village of Glendarroch, which started in February 1980 as an ITV daytime soap opera, and was dropped by the network in 1993, although various members of the ITV Network continued to screen the programme, while others had no interest in doing so. The programme has developed a cult following.",
    "type": "tv"
}