{
    "id": "10233",
    "title": "The Seasons",
    "release_year": "1987",
    "genres": [
        "Drama"
    ],
    "average_rating": 0.0,
    "description": "The Seasons was a 389 episode drama series that was shown during Enjoy Yourself Tonight on Hong Kong TV station TVB from 1987 to 1988. The show, being a section of the main program, Enjoy Yourself Tonight, meant that it was only 15 minutes long, a rarity in Hong Kong television drama programs. Another rarity is that each episode ends in the same shot: a flower being tossed into the water.",
    "type": "tv"
}