{
    "id": "10238",
    "title": "Omusubi",
    "release_year": "2024",
    "genres": [
        "Drama",
        "Family",
        "Comedy"
    ],
    "average_rating": 0.0,
    "description": "A Heisei youth graffiti drama, in which the heroine Yoneda Yui (Hashimoto Kanna), born in the first year of the Heisei era, connects people's hearts to the future as a nutritionist. Always cherishing her individuality, she sometimes struggles, but powerfully and joyfully pushes through the turbulent Heisei and Reiwa eras.",
    "type": "tv"
}