{
    "id": "10249",
    "title": "Mrs. Pepper Pot",
    "release_year": "1983",
    "genres": [
        "Animation",
        "Action & Adventure",
        "Kids",
        "Sci-Fi & Fantasy"
    ],
    "average_rating": 8.0,
    "description": "Mrs. Pepper Pot lives in a small village with her husband, and enjoys a unique life because she has a small magic spoon that helps her reduce her size, and during that, Mrs. Pepper Pot embarks on a series of adventures during which she communicates with animals easily.",
    "type": "tv"
}