{
    "id": "10242",
    "title": "Below Deck Mediterranean",
    "release_year": "2016",
    "genres": [
        "Reality"
    ],
    "average_rating": 7.7,
    "description": "Follow crew members living and working aboard a 150\u2019 mega-yacht as it undertakes a charter season in the Mediterranean. Providing unparalleled service to wealthy and uncompromising guests is made even more difficult as the team faces everything from love triangles to seeing fellow crew members shockingly cross the line with guests.",
    "type": "tv"
}