{
    "id": "10245",
    "title": "UniteUp!",
    "release_year": "2023",
    "genres": [
        "Animation"
    ],
    "average_rating": 5.2,
    "description": "Akira Kiyose, a high schooler who loves to sing, gets recruited by a talent agency called sMiLea Production. Akira learns that the legendary idols \u201cAnela\u201d, who shocked the world with their sudden retirement, are behind the agency developing talent. Together with Banri Naoe and Chihiro Isuzugawa, also recruited by the agency, they form an idol group as they chase their dream towards super stardom alongside other idol groups \u201cLEGIT\u201d and \u201cJAXX/JAXX\u201d.",
    "type": "tv"
}