{
    "id": "10254",
    "title": "Chicago Fire",
    "release_year": "2012",
    "genres": [
        "Drama"
    ],
    "average_rating": 8.413,
    "description": "An edge-of-your-seat view into the lives of everyday heroes committed to one of America's noblest professions. For the firefighters, rescue squad and paramedics of Chicago Firehouse 51, no occupation is more stressful or dangerous, yet so rewarding and exhilarating. These courageous men and women are among the elite who forge headfirst into danger when everyone else is running the other way and whose actions make the difference between life and death.",
    "type": "tv"
}