{
    "id": "10268",
    "title": "Watercolors of Love",
    "release_year": "2009",
    "genres": [
        "Soap"
    ],
    "average_rating": 6.273,
    "description": "This is the story of a young couple, Dafne and Gabriel, who are separated by her grandfather Jaques, a millionaire who couldn\u2019t handle that his granddaughter was in love with a poor guy.  After an accident, Jacques is presumed dead and leaves his business to Dafne, but on the sole condition that she marries. Judith, her grandfather\u2018s stepdaughter, takes over the business temporarily and schemes to pair Dafne with her brother Nicholas in order to consolidate her claim.  Dafne and Gabriel meet again when his unkown daughter decides to find her father, but discover that a passion is only completed when one fulfills the other\u2018s dream.",
    "type": "tv"
}