{
    "id": "10268",
    "title": "Kaiji",
    "release_year": "2007",
    "genres": [
        "Animation",
        "Drama"
    ],
    "average_rating": 8.1,
    "description": "Kaiji Itou is a good-for-nothing loiterer who spends his days drinking beer and stealing hubcaps\u2014that is, until he ends up being tricked by his former co-worker. Unable to suddenly repay his friend's huge debt all by himself, Kaiji is offered a shady deal to participate in an illegal underground gamble on a cruise ship. This turns out to be nothing more than the beginning of his new life of hell\u2014thrown headlong into a life-threatening roller coaster of mind games, cheating, and deceit.",
    "type": "tv"
}