{
    "id": "10269",
    "title": "Fuse",
    "release_year": "1962",
    "genres": [
        "Comedy",
        "Documentary",
        "Animation",
        "Family"
    ],
    "average_rating": 7.6,
    "description": "Fitil is a popular Soviet/Russian television satirical/comedy short film series which ran for about 500 episodes. Some of the episodes were aimed at children, and were called \u0424\u0438\u0442\u0438\u043b\u0451\u043a, Fitilyok, Little Fuse. Each issue contained from the few short segments: documentary, fictional and animated ones. Directed by various artists, including Leonid Gaidai who presented his famous trio of Nikulin, Vitsin and Morgunov into the cast. It was called in USSR as \"the anecdotes from the Soviet government\".",
    "type": "tv"
}