{
    "id": "10261",
    "title": "Captain Tsubasa",
    "release_year": "1983",
    "genres": [
        "Comedy",
        "Drama",
        "Animation"
    ],
    "average_rating": 7.8,
    "description": "Tsubasa Ozora loves playing football since he was a little child. After moving to the japanese town of Nankatsu together with his mother, the 11-year-old boy quickly finds friends and joins the local football team of his elementary school. Together with his newly made friends and Brazilian mentor Roberto, Tsubasa starts his exciting journey to chase after his most desired dream - one day winning the FIFA World Cup.",
    "type": "tv"
}