{
    "id": "10262",
    "title": "Major Crimes",
    "release_year": "2012",
    "genres": [
        "Crime",
        "Drama"
    ],
    "average_rating": 7.4,
    "description": "Major Crimes explores how the American justice system approaches the art of the deals as law enforcement officers and prosecutors work together to score a conviction. Los Angeles Police Captain Sharon Raydor heads up a special squad within the LAPD that deals with high-profile or particularly sensitive crimes.",
    "type": "tv"
}