{
    "id": "10279",
    "title": "Pili",
    "release_year": "1988",
    "genres": [
        "Action & Adventure",
        "Drama"
    ],
    "average_rating": 7.4,
    "description": "Pili is a puppet show from Taiwan. It is made by Pili International Multimedia. The TV series started in 1985, and it still continues today. It is one of the most popular TV shows in Taiwan. Pili puppet show is performed by many kinds of puppets, some of them are cool, some are intelligent, and some are funny. Unlike traditional puppet shows, Pili puppet show uses state-of-the-art animation to help present its fighting art. The delicate design of the appearance and characteristics of each puppet has made Pili puppet show a well-known entertainment in Taiwan.",
    "type": "tv"
}