{
    "id": "10270",
    "title": "Young Hearts",
    "release_year": "1995",
    "genres": [
        "Soap"
    ],
    "average_rating": 6.0,
    "description": "Malha\u00e7\u00e3o is a Brazilian television series for the teenage audience. The soap started in 1995, and was set in a fictional Gym Club called Malha\u00e7\u00e3o on Barra da Tijuca, Rio de Janeiro. Through the years the location varied slightly. Although the name of the soap remains the same, it is now set in the M\u00faltipla Escolha High School.",
    "type": "tv"
}