{
    "id": "10281",
    "title": "Super Dragon Ball Heroes",
    "release_year": "2018",
    "genres": [
        "Animation",
        "Action & Adventure",
        "Sci-Fi & Fantasy"
    ],
    "average_rating": 7.568,
    "description": "Trunks returns from the future to train with Goku and Vegeta. However, it disappears without warning. Then the mysterious Fu bursts in, telling them that Trunks has been imprisoned in the Prison Planet, a mysterious complex in an unknown place in the universes. The group seeks the dragon balls to free Trunks, but an endless battle awaits them! Will Goku and the others rescue Trunks and escape the Prison Planet?",
    "type": "tv"
}