{
    "id": "1028",
    "title": "One Piece Film Red",
    "release_year": "2022",
    "genres": [
        "Animation",
        "Adventure",
        "Action",
        "Fantasy",
        "Music"
    ],
    "average_rating": 7.2,
    "description": "Uta \u2014 the most beloved singer in the world. Her voice, which she sings with while concealing her true identity, has been described as \u201cotherworldly.\u201d She will appear in public for the first time at a live concert. As the venue fills with all kinds of Uta fans \u2014 excited pirates, the Navy watching closely, and the Straw Hats led by Luffy who simply came to enjoy her sonorous performance \u2014 the voice that the whole world has been waiting for is about to resound.",
    "type": "movie"
}