{
    "id": "10299",
    "title": "The Wild",
    "release_year": "2011",
    "genres": [
        "Soap"
    ],
    "average_rating": 3.333,
    "description": "The Wild is a South African soap opera created by Rohan Dickson, Richard Nosworthy and Bronwyn Berry and produced by M-Net's in-house production arm Magic Factory and shot entirely on location which revolves around three families \u2013 the Lebones, the van Reenens and the Tladis - who, because of past conflicts, struggle to negotiate a cohesive future, despite being bound together by their relationship to a special piece of land.",
    "type": "tv"
}