{
    "id": "10297",
    "title": "Independent Lens",
    "release_year": "1999",
    "genres": [
        "Documentary"
    ],
    "average_rating": 6.467,
    "description": "This acclaimed Emmy Award-winning anthology series features documentaries and a limited number of fiction films united by the creative freedom, artistic achievement and unflinching visions of their independent producers and featuring unforgettable stories about a unique individual, community or moment in history.",
    "type": "tv"
}