{
    "id": "10298",
    "title": "Delicious Rendezvous",
    "release_year": "2019",
    "genres": [
        "Reality"
    ],
    "average_rating": 9.0,
    "description": "Baek Jong Won is here again to help out an industry. This time, he goes all out to promote local food. He visits various regions and learn about their local produce. By creating different meals with these ingredients, Mr. Baek is able to sell them in rest stops. Yang Se Hyeong, Kim Hee Chul, and Kim Dong Jin are here to assist.",
    "type": "tv"
}