{
    "id": "103",
    "title": "Devara: Part 1",
    "release_year": "2024",
    "genres": [
        "Action",
        "Drama"
    ],
    "average_rating": 7.0,
    "description": "Devara, a fearless man from a coastal region, embarks on a perilous journey into the treacherous world of the sea to safeguard the lives of his people. Unbeknownst to him, his brother Bhaira is plotting a conspiracy against him. As events unfold, Devara passes on his legacy to his mild-mannered and timid son, Varada.",
    "type": "movie"
}