{
    "id": "1030",
    "title": "Ghost Rider",
    "release_year": "2007",
    "genres": [
        "Thriller",
        "Action",
        "Fantasy"
    ],
    "average_rating": 5.581,
    "description": "In order to save his dying father, young stunt cyclist Johnny Blaze sells his soul to Mephistopheles and sadly parts from the pure-hearted Roxanne Simpson, the love of his life. Years later, Johnny's path crosses again with Roxanne, now a go-getting reporter, and also with Mephistopheles, who offers to release Johnny's soul if Johnny becomes the fabled, fiery 'Ghost Rider'.",
    "type": "movie"
}