{
    "id": "10308",
    "title": "Tales from the Darkside",
    "release_year": "1984",
    "genres": [
        "Drama",
        "Sci-Fi & Fantasy"
    ],
    "average_rating": 7.2,
    "description": "Tales from the Darkside is an anthology horror TV series created by George A. Romero, each episode was an individual short story that ended with a plot twist. The series' episodes spanned the genres of horror, science fiction, and fantasy, and some episodes featured elements of black comedy or more lighthearted themes.",
    "type": "tv"
}