{
    "id": "10303",
    "title": "The Misfit of Demon King Academy",
    "release_year": "2020",
    "genres": [
        "Animation",
        "Action & Adventure",
        "Sci-Fi & Fantasy"
    ],
    "average_rating": 8.5,
    "description": "Anos Voldigord was a tyrannical Demon King that eradicated humans, spirits, and even the gods, but became bored of eternal warfare and reincarnated with dreams of a peaceful world. However, what awaited him in reincarnation after 2000 years were descendants who became too weak after being accustomed to peace, and all sorts of magic that deteriorated to the extreme. Anos enters Demon King Academy that gathers and educates those who are viewed as the reincarnation of the Demon King, but the academy could not see through his true powers and ends up branding him as a misfit.",
    "type": "tv"
}