{
    "id": "10317",
    "title": "Celebrity Ghost Stories",
    "release_year": "2009",
    "genres": [
        "Reality",
        "Sci-Fi & Fantasy",
        "Mystery",
        "Talk"
    ],
    "average_rating": 7.3,
    "description": "Compelling, surprising and downright spooky \u2014 celebrities share their real-life personal encounters with the paranormal in each one-hour special. From encounters with ghosts and angry spirits to haunted homes, unexplainable spells and magic, these descriptive, first person narratives from our favorite stars delivers a brand new way of experiencing the thrills and chills of the addictive world of the paranormal.",
    "type": "tv"
}