{
    "id": "10312",
    "title": "Felicity",
    "release_year": "1998",
    "genres": [
        "Drama",
        "Soap"
    ],
    "average_rating": 6.6,
    "description": "Felicity Porter, a sensitive and intelligent girl from the San Francisco Bay Area, decides to give up a slot at Stanford University's pre-med program to follow her long time crush to college in New York City. Things get even more complicated when she meets her dorm's resident advisor and they fall in love.",
    "type": "tv"
}