{
    "id": "10319",
    "title": "My Kitchen Rules",
    "release_year": "2010",
    "genres": [
        "Reality"
    ],
    "average_rating": 5.4,
    "description": "My Kitchen Rules is an Australian competitive cooking game show broadcast on the Seven Network since 2010. The series is produced by the team who created the Seven reality show My Restaurant Rules, and was put into production based on the success of Network Ten's MasterChef Australia. My Kitchen Rules has just been renewed by the Seven Network for a fifth series.",
    "type": "tv"
}