{
    "id": "10316",
    "title": "Evil",
    "release_year": "2019",
    "genres": [
        "Crime",
        "Drama",
        "Mystery"
    ],
    "average_rating": 7.758,
    "description": "Skeptical forensic psychologist Kristen Bouchard joins priest-in-training David Acosta and technology expert Ben Shakir as they investigate supposed miracles, demonic possessions, and other extraordinary occurrences to assess for a scientific explanation or if something truly supernatural is at work.",
    "type": "tv"
}