{
    "id": "1032",
    "title": "Olympus Has Fallen",
    "release_year": "2013",
    "genres": [
        "Action",
        "Thriller"
    ],
    "average_rating": 6.4,
    "description": "When the White House (Secret Service Code: \"Olympus\") is captured by a terrorist mastermind and the President is kidnapped, disgraced former Presidential guard Mike Banning finds himself trapped within the building. As the national security team scrambles to respond, they are forced to rely on Banning's inside knowledge to help retake the White House, save the President and avert an even bigger disaster.",
    "type": "movie"
}