{
    "id": "1032",
    "title": "V for Vendetta",
    "release_year": "2006",
    "genres": [
        "Action",
        "Thriller",
        "Science Fiction"
    ],
    "average_rating": 7.899,
    "description": "In a world in which Great Britain has become a fascist state, a masked vigilante known only as \u201cV\u201d conducts guerrilla warfare against the oppressive British government. When V rescues a young woman from the secret police, he finds in her an ally with whom he can continue his fight to free the people of Britain.",
    "type": "movie"
}