{
    "id": "10329",
    "title": "White Lies",
    "release_year": "1997",
    "genres": [
        "Soap"
    ],
    "average_rating": 6.0,
    "description": "Vita l\u00f6gner is a Swedish soap opera that aired on TV3,. The plot focused on the social life of the hospital staff and families in the fictional town of Str\u00f6msvik.\n\nVita l\u00f6gner was TV3's first big soap opera hit after Kanal5 bought V\u00e4nner och fiender from them in 1997. Many big stars in Sweden have done roles in the show, among them Alexander Skarsg\u00e5rd, Petra Hultgren, Anna J\u00e4rphammar and Maud Adams. Charlotte Perrelli had a bigger role as Milla Svensson during 1997-1998.\n\nIt was after Kanal5 bought the rights to V\u00e4nner och fiender and TV3 saw what a huge success the show was for the channel that they decided to produce Vita l\u00f6gner to compete over the same time slot.",
    "type": "tv"
}