{
    "id": "10326",
    "title": "Rugrats",
    "release_year": "1991",
    "genres": [
        "Family",
        "Animation",
        "Kids",
        "Comedy"
    ],
    "average_rating": 7.6,
    "description": "Focuses on a group of toddlers, most prominently Tommy, Chuckie, Phil, Lil, and Angelica, and their day-to-day lives, usually involving common life experiences that become adventures in the babies' imaginations. Adults in the series are almost always unaware of what the children are up to; however, this only provides more room for the babies to explore and discover their surroundings.",
    "type": "tv"
}