{
    "id": "10320",
    "title": "American Pickers",
    "release_year": "2010",
    "genres": [
        "Reality"
    ],
    "average_rating": 6.891,
    "description": "Pickers like Mike Wolfe and Frank Fritz are on a mission to recycle America, even if it means diving into countless piles of grimy junk or getting chased off a gun-wielding homeowner\u2019s land. Hitting back roads from coast to coast, the two men earn a living by restoring forgotten relics to their former glory, transforming one person\u2019s trash into another\u2019s treasure.",
    "type": "tv"
}