{
    "id": "10329",
    "title": "The Daltons",
    "release_year": "2010",
    "genres": [
        "Animation",
        "Kids",
        "Comedy"
    ],
    "average_rating": 7.0,
    "description": "Unshackle your laughing gas, put your ball and chain away, take a prison break and get ready to escape with the Daltons! The fab four are back! The Daltons will try every trick in the books to get out and then some: a maze of tunnels, explosives, hot air balloons and rain dances, and a whole cast of zany characters to help them get free ... or not! The only thing they don\u2019t try using are their brains! But what they lack in intelligence, they sure make up for in willpower and imagination! The far west has never been crazier!",
    "type": "tv"
}