{
    "id": "10324",
    "title": "Flikken Maastricht",
    "release_year": "2007",
    "genres": [
        "Crime",
        "Action & Adventure"
    ],
    "average_rating": 6.8,
    "description": "Former Amsterdam police detective Floris Wolfs has been transferred to the police department of the south-Dutch country town Maastricht. His metropolitan experience nicely complements the local expertise of his new country colleagues, who know the folks. Slowly he fits in, while solving countless crimes together with his female partner Eva van Dongen.",
    "type": "tv"
}