{
    "id": "10327",
    "title": "Pretty Cure",
    "release_year": "2004",
    "genres": [
        "Animation",
        "Action & Adventure",
        "Comedy",
        "Kids",
        "Family",
        "Sci-Fi & Fantasy"
    ],
    "average_rating": 8.0,
    "description": "Nagisa Misumi and Honoka Yukishiro couldn't be more different. Nagisa is sporty and Honoka bookish, and while they attend the same school, they have very little in common - until one day, a shower of shooting stars brings two very unlikely visitors into their lives: Mepple and Mipple, refugees from the Garden of Light, which has been conquered by Darkness. Endowed with new and startling powers, Nagisa and Honoka become Cure Black and Cure White, the legendary warriors of light - together, they are Pretty Cure.",
    "type": "tv"
}