{
    "id": "10321",
    "title": "The Manager",
    "release_year": "2018",
    "genres": [
        "Reality"
    ],
    "average_rating": 4.2,
    "description": "We will get involved in every little detail of the stars\u2019 lives. The managers who work closely with the stars reveal their mundane lives. Once the information is all revealed, the professional meddlers from various different fields are invited to make comments regarding even the smallest details. Lee Yeong Ja, Jun Hyun Moo, Song Eun I, Kim Saeng Min, Yang Se Hyeong and Yoo Byung Jae participate as the life meddlers along with the professionals.",
    "type": "tv"
}