{
    "id": "10332",
    "title": "Profiler",
    "release_year": "1996",
    "genres": [
        "Crime",
        "Drama"
    ],
    "average_rating": 7.0,
    "description": "Rachel Burke is a criminal profiler, one of the best, actually.\n\nShe, along with a sophisticated team of specialists on the FBI's Violent Crimes Task Force in Atlanta, investigates crimes throughout the country.\n\nTogether, they solve the toughest of cases while trying to live their lives as best they can.",
    "type": "tv"
}