{
    "id": "10335",
    "title": "The Real Housewives of Potomac",
    "release_year": "2016",
    "genres": [
        "Reality"
    ],
    "average_rating": 5.8,
    "description": "Just up the river from our nation\u2019s capital lies a hidden gem\u2014Potomac, Maryland. Its rolling hills, gated mansions, sophisticated prep schools, and exclusive country clubs all serve to keep the area invitation-only. Sprinkled throughout this community are a handful of old-line, wealthy African-American families who have historically broken racial barriers to provide a life of privilege for their children. In a town where entry is granted only through class, pedigree, and lineage, how far will the ladies go to secure their spot at the top of this prestigious circle?",
    "type": "tv"
}