{
    "id": "1033",
    "title": "The Magnificent Seven",
    "release_year": "2016",
    "genres": [
        "Adventure",
        "Action",
        "Western"
    ],
    "average_rating": 6.5,
    "description": "Looking to mine for gold, greedy industrialist Bartholomew Bogue seizes control of the Old West town of Rose Creek. With their lives in jeopardy, Emma Cullen and other desperate residents turn to bounty hunter Sam Chisolm for help. Chisolm recruits an eclectic group of gunslingers to take on Bogue and his ruthless henchmen. With a deadly showdown on the horizon, the seven mercenaries soon find themselves fighting for more than just money once the bullets start to fly.",
    "type": "movie"
}