{
    "id": "10336",
    "title": "Star Trek: Deep Space Nine",
    "release_year": "1993",
    "genres": [
        "Sci-Fi & Fantasy",
        "Action & Adventure",
        "Drama"
    ],
    "average_rating": 7.884,
    "description": "At Deep Space Nine, a space station located next to a wormhole in the vicinity of the liberated planet of Bajor, Commander Sisko and crew welcome alien visitors, root out evildoers and solve all types of unexpected problems that come their way.",
    "type": "tv"
}