{
    "id": "10338",
    "title": "El Se\u00f1or de los Cielos",
    "release_year": "2013",
    "genres": [
        "Crime",
        "Drama",
        "Soap"
    ],
    "average_rating": 7.922,
    "description": "Set in the 1990s, these are the life and times of Amado Carrillo Fuentes, a man who became the head of the Ju\u00e1rez cartel. Nicknamed \u201cEl Se\u00f1or de los Cielos\u201d (Lord of the Skies) because of the large fleet of airplanes he used to transport drugs, he was also known for washing more than $200 million through Colombia to finance his huge fleet. He is described as the most powerful drug trafficker of his time.",
    "type": "tv"
}