{
    "id": "10349",
    "title": "Di Gi Charat Nyo!",
    "release_year": "2003",
    "genres": [
        "Animation",
        "Comedy",
        "Kids",
        "Family"
    ],
    "average_rating": 7.7,
    "description": "Di Gi Charat (a.k.a. Dejiko) - along with Petit Charat (a.k.a.  Puchiko) and Gema - travels to Earth as part of her training to become a  full-fledged princess. They crash on a small town in Japan, where they  meet the Omocha brothers (who spend most of their time thinking how cute  Puchiko is) and Mr. & Mrs. Ankoro (an elderly couple that makes  Japanese sweets).",
    "type": "tv"
}