{
    "id": "10349",
    "title": "C.I.D.",
    "release_year": "1998",
    "genres": [
        "Action & Adventure",
        "Crime",
        "Drama",
        "Mystery"
    ],
    "average_rating": 5.9,
    "description": "The first thrilling investigative series on Indian Television, is today one of the most popular shows on Sony Entertainment Television. Dramatic and absolutely unpredictable, Crime Investigation Department (C.I.D.) has captivated viewers over the last eleven years and continues to keep audiences glued to their television sets with its thrilling plots and excitement. Also interwoven in its fast-paced plots are the personal challenges that the C.I.D. team faces with non-stop adventure, tremendous pressure and risk, all in the name of duty. The series consists of hard-core police procedural stories dealing with investigation, detection and suspense. The protagonists of the serial are an elite group of police officers belonging to the Crime Investigation Department of the police force, led by ACP Pradyuman.",
    "type": "tv"
}