{
    "id": "10341",
    "title": "Passione",
    "release_year": "2010",
    "genres": [
        "Soap"
    ],
    "average_rating": 6.5,
    "description": "Pass\u00edone is a Brazilian telenovela that originally aired on Rede Globo from May 05, 2010 to January 14, 2011. Is created and written by S\u00edlvio de Abreu.\n\nThe plot has the actors Fernanda Montenegro, Tony Ramos, Mariana Ximenes, Reynaldo Gianecchini, Carolina Dieckmann, Rodrigo Lombardi, Marcello Antony, Larissa Maciel, Werner Sch\u00fcnemann, Mayana Moura and Aracy Balabanian in the leading roles.\n\nReplacing Viver a Vida, it premiered in May 05, 2010 and ended its run in January 14, 2011 consisting of 209 episodes.",
    "type": "tv"
}