{
    "id": "10351",
    "title": "Digimon: Digital Monsters",
    "release_year": "1999",
    "genres": [
        "Animation",
        "Action & Adventure",
        "Sci-Fi & Fantasy",
        "Kids"
    ],
    "average_rating": 8.1,
    "description": "While at summer camp, seven kids are transported to a strange digital world. In this new world they make friends with creatures that call themselves Digimon who were born to defend their world from various evil forces.",
    "type": "tv"
}