{
    "id": "10353",
    "title": "SMAP\u00d7SMAP",
    "release_year": "1996",
    "genres": [
        "Comedy"
    ],
    "average_rating": 8.5,
    "description": "SMAP\u00d7SMAP was an ongoing weekly Japanese variety show on Kansai TV and Fuji TV starring the members of SMAP. The show began on April 15, 1996 and it aired from 22:00 to 22:54 every Monday. The show's usual ratings were higher than 20%, which is considered high since most variety shows range from 10-20%.\n\nEach episode begins a variety of skits, comedic performances, and/or games.\u00a0 These are followed by Bistro SMAP, in which the SMAP members compete against each other to impress celebrity judges with their gourmet cooking.\u00a0 Last is a musical performance by SMAP which may include celebrity guests, as well.",
    "type": "tv"
}