{
    "id": "10351",
    "title": "Special Rescue Police Winspector",
    "release_year": "1990",
    "genres": [
        "Action & Adventure"
    ],
    "average_rating": 8.0,
    "description": "In 1999, advanced science and technology enriched people's lives, but the damage caused when they were misused for crimes or went out of control and went out of control was also great. The Special Rescue Police Winspector (abbreviated as WSP) was established to deal with such a situation. Their purpose is not only to investigate crimes and arrest suspects but also to save the lives of those involved in crimes and disasters.",
    "type": "tv"
}