{
    "id": "10353",
    "title": "Teenage Mutant Ninja Turtles",
    "release_year": "2003",
    "genres": [
        "Action & Adventure",
        "Animation",
        "Kids"
    ],
    "average_rating": 7.8,
    "description": "When four pet turtles were bathed in alien ooze, they began to mutate and became the Teenage Mutant Ninja Turtles. Raised in New York City sewers by their foster father and wise sensei, Master Splinter, Leonardo, Michelangelo, Donatello, and Raphael wage war against crime. Led by Master Splinter, the four turtles learn the ancient martial art of Ninjitsu, mastering skills of stealth, weapons, and fighting. They stop evildoers in all forms, whether barbaric gangs, lowlife crooks, deranged cyborgs, or even the crime syndicate The Foot, led by their archrival, The Shredder.",
    "type": "tv"
}