{
    "id": "10356",
    "title": "Green Acres",
    "release_year": "1965",
    "genres": [
        "Comedy"
    ],
    "average_rating": 7.3,
    "description": "Green Acres is an American sitcom starring Eddie Albert and Eva Gabor as a couple who move from New York City to a rural country farm. Produced by Filmways as a sister show to Petticoat Junction, the series was first broadcast on CBS, from September 15, 1965 to April 27, 1971.\n\nReceiving solid ratings during its six-year run, Green Acres was cancelled in 1971 as part of the \"rural purge\" by CBS. The sitcom has been in syndication and is available in DVD and VHS releases. In 1997, the two-part episode \"A Star Named Arnold is Born\" was ranked #59 on TV Guide's 100 Greatest Episodes of All Time.",
    "type": "tv"
}