{
    "id": "10359",
    "title": "RahXephon",
    "release_year": "2002",
    "genres": [
        "Animation",
        "Sci-Fi & Fantasy",
        "Action & Adventure"
    ],
    "average_rating": 7.397,
    "description": "Ayato Kamina, a 17-year-old high school student, lives in Tokyo Jupiter oblivious to the world around him, having been raised to believe that the rest of civilization has been destroyed; but everything changes when a mysterious alien civilization invades his home.",
    "type": "tv"
}