{
    "id": "10366",
    "title": "Tropicaliente",
    "release_year": "1994",
    "genres": [
        "Soap",
        "Drama"
    ],
    "average_rating": 6.5,
    "description": "Tropicaliente was a Brazilian soap opera produced and displayed at the time of 18 hours by Rede Globo, ran from May 16 to December 31, 1994, totaling 194 chapters.\n\nWritten by Walter Negrao, in collaboration with Elizabeth Jhin, Angela Lamb, Mark Silver and directed by Vinicius Vianna and Blota Gonzaga, Marcelo Gomes and Roger Traverso. The general direction was Blota Gonzaga.",
    "type": "tv"
}