{
    "id": "10363",
    "title": "Not Necessarily the News",
    "release_year": "1983",
    "genres": [
        "News",
        "Comedy"
    ],
    "average_rating": 6.2,
    "description": "Not Necessarily the News is a satirical sketch comedy series that first aired on HBO in September 1982 as a comedy special, and then ran as a series from 1983 to 1990. It featured sketches, parody news items, commercial parodies, and humorous bits made from overdubbing or editing actual news footage. It was based on the British series, Not the Nine O'Clock News. Not Necessarily the News was also the birthplace of Rich Hall's sniglets.",
    "type": "tv"
}