{
    "id": "10373",
    "title": "My Big Fat Fabulous Life",
    "release_year": "2015",
    "genres": [
        "Reality",
        "Drama"
    ],
    "average_rating": 6.9,
    "description": "Dancing her way through the haters, Whitney Way Thore is embracing her body in a world that judges people by their size. She navigates both career challenges and relationship snafus with her vivacious personality, a sense of humor and an abundance of courage.\n\nThis series follows Whitney who was diagnosed with an endocrine system disorder called polyscystic ovary syndrome (PCOS) which caused her, a slender dancer at the time, to gain more than 200 pounds in one year at college. Feeling trapped in a big body, she struggled with self-doubt and negative stereotypes. Now 380 pounds and eager to continue sharing her passion for dance, Whitney has learned to embrace her body and love herself again.",
    "type": "tv"
}