{
    "id": "10370",
    "title": "Bares f\u00fcr Rares",
    "release_year": "2013",
    "genres": [
        "Talk",
        "Reality",
        "Documentary"
    ],
    "average_rating": 7.5,
    "description": "In the show, selected applicants each present a curiosity, rarity or antique they have brought with them. Once they have received their expertise, they will have the opportunity on site to offer their exhibit to a changing five-person podium for sale and, ideally, to sell it to the highest bidder for \u201eBares\u201c (\"cash\").",
    "type": "tv"
}