{
    "id": "10379",
    "title": "The Situation Room with Wolf Blitzer",
    "release_year": "2005",
    "genres": [
        "War & Politics"
    ],
    "average_rating": 3.0,
    "description": "The command center for breaking news, politics and extraordinary reports from around the world. Patterned after the concept of the White House Situation Room, CNN's lead political anchor Wolf Blitzer hosts newsmakers and experts to discuss and analyze the stories that are driving today's news.",
    "type": "tv"
}