{
    "id": "1038",
    "title": "Paul",
    "release_year": "2011",
    "genres": [
        "Adventure",
        "Comedy",
        "Science Fiction"
    ],
    "average_rating": 6.733,
    "description": "For the past 60 years, a space-traveling smart-ass named Paul has been locked up in a top-secret military base, advising world leaders about his kind. But when he worries he\u2019s outlived his usefulness and the dissection table is drawing uncomfortably close, Paul escapes on the first RV that passes by his compound in Area 51. Fortunately, it contains the two earthlings who are most likely to rescue and harbor an alien on the run.",
    "type": "movie"
}