{
    "id": "10381",
    "title": "The Love Boat",
    "release_year": "1977",
    "genres": [
        "Drama",
        "Comedy"
    ],
    "average_rating": 6.3,
    "description": "Passengers who search for romantic nights aboard a beautiful ship travelling to tropical or mysterious countries, decide to pass their vacation aboard the \"Love Boat\", where Gopher, Dr. Bricker, Isaac, Julie, and Captain Stubing try their best to please them, and sometimes help them fall in love. Things are not always so easy, but in the end, love wins.",
    "type": "tv"
}