{
    "id": "10388",
    "title": "The Yogi Bear Show",
    "release_year": "1961",
    "genres": [
        "Animation",
        "Comedy",
        "Family",
        "Kids"
    ],
    "average_rating": 7.0,
    "description": "From his home in Jellystone Park, Yogi Bear dreams of nothing more in life than to outwit as many unsuspecting tourists as he can and grab their prized picnic baskets all while staying one step ahead of the ever-exasperated Ranger Smith. Yogi's little buddy, Boo-Boo, tries to keep Yogi out of trouble but rarely succeeds. That's okay because not even Ranger Smith can stay mad for long at the lovable, irresistible Yogi Bear.",
    "type": "tv"
}