{
    "id": "10387",
    "title": "Rick and Morty",
    "release_year": "2013",
    "genres": [
        "Animation",
        "Comedy",
        "Sci-Fi & Fantasy",
        "Action & Adventure"
    ],
    "average_rating": 8.693,
    "description": "Rick is a mentally-unbalanced but scientifically gifted old man who has recently reconnected with his family. He spends most of his time involving his young grandson Morty in dangerous, outlandish adventures throughout space and alternate universes. Compounded with Morty's already unstable family life, these events cause Morty much distress at home and school.",
    "type": "tv"
}