{
    "id": "10391",
    "title": "Na Wsp\u00f3lnej",
    "release_year": "2003",
    "genres": [
        "Soap"
    ],
    "average_rating": 5.3,
    "description": "Na Wsp\u00f3lnej is a Polish soap opera. It has been running since 2003 on the TVN channel as its flagship primetime weekday soap opera. It is loosely based on the German production Unter Uns and it follows the lives of the inhabitants of an apartment block in Wsp\u00f3lna Street, Warsaw. Episodes tend to last around 20 minutes. It is a Polish version of the Hungarian \"Bar\u00e1tok k\u00f6zt\".\n\nThe series is shot almost entirely in Warsaw and produced by the Polish branch of Freemantle Media. On 9 September 2008 it celebrated its 1000th episode; \"Na Wsp\u00f3lnej\" was the fourth Polish television series ever to achieve such status. A special episode was broadcast in which characters from some other of TVN's most popular shows visited Wsp\u00f3lna Street.",
    "type": "tv"
}