{
    "id": "10396",
    "title": "Horrible Histories",
    "release_year": "2009",
    "genres": [
        "Family",
        "Comedy"
    ],
    "average_rating": 8.0,
    "description": "Based on the best-selling children's books and liberally splattered with guts, blood and poo, a\u00a0group of British comedians offer an anarchic and unconventional take on some of history's most gruesome and funny moments, with topics including the Stone Age, the Middle Ages, the Egyptians and the Romans, among others.",
    "type": "tv"
}