{
    "id": "10393",
    "title": "Agries Melisses",
    "release_year": "2019",
    "genres": [
        "Drama",
        "Crime"
    ],
    "average_rating": 7.3,
    "description": "Every time a daughter was born, the father of Eleni, Asimina and Froso planted a poplar tree at the edge of their orchard to commemorate the arrival of the new child. As they grew and grew tall and slender, he boasted of them as his daughters. In the proudest poplar, however, Helen's poplar, a swarm of wild bees had already nested. \"You will be happy, my daughter, and life will be as sweet as this honey. You'll see,\" her father used to tell her. But, the years passed and Eleni looked at the poplar and listened to the hum... \"How do you know, father... How do you know that life has written only bitterness for my root\".",
    "type": "tv"
}