{
    "id": "10392",
    "title": "Jim Henson's Animal Show with Stinky and Jake",
    "release_year": "1994",
    "genres": [
        "Kids"
    ],
    "average_rating": 9.5,
    "description": "The show was hosted by Jake, a jovial polar bear, and Stinky, his skunk friend. Other main characters included Armstrong the Chicken Hawk, Ollie the Tapir, Bunnie Bear, Tizzy the Bee, Yves St. La Roache, Rhonda Rat, and Dullard the Aardvark. Structured as a talk show, the hosts interviewed two guest animals in each episode. The animals talked about themselves and showed clips of their real-life counterparts.",
    "type": "tv"
}