{
    "id": "10401",
    "title": "Homicide Hunter: Lt Joe Kenda",
    "release_year": "2011",
    "genres": [
        "Documentary",
        "Crime"
    ],
    "average_rating": 8.9,
    "description": "A non-fiction investigative series of murder cases told through the personal experience of retired detective, Lieutenant Joe Kenda. Through re-enactments, discussions with investigation teams, and interviews with victims' families and other involved persons, the show highlights Kenda's successes with his 400 homicide case history and 92 percent solution rate.",
    "type": "tv"
}