{
    "id": "10400",
    "title": "Big Time Rush",
    "release_year": "2009",
    "genres": [
        "Comedy",
        "Kids"
    ],
    "average_rating": 8.587,
    "description": "Four teenage friends move from Minneapolis to Los Angeles to form a potential chart-topping boy band after Kendall is inadvertently discovered by an eccentric record executive, Gustavo Rocque. As they seize this opportunity of a lifetime, these friends embark on an exciting comedy and music-filled journey to prove to themselves and their record label that they are serious about their new career choice.",
    "type": "tv"
}