{
    "id": "10404",
    "title": "Captain Planet and the Planeteers",
    "release_year": "1990",
    "genres": [
        "Animation",
        "Action & Adventure",
        "Sci-Fi & Fantasy",
        "Kids"
    ],
    "average_rating": 6.8,
    "description": "Eco-villains beware: Captain Planet is here to save the day! With the guidance of Gaia, five Planeteers - representing Earth, Fire, Water, Wind and Heart - come together to defend our planet from environmental destruction. With their powers combined, the team becomes the solution to pollution!",
    "type": "tv"
}