{
    "id": "1041",
    "title": "Coming to America",
    "release_year": "1988",
    "genres": [
        "Comedy",
        "Romance"
    ],
    "average_rating": 6.884,
    "description": "An African prince decides it\u2019s time for him to find a princess... and his mission leads him and his most loyal friend to Queens, New York. In disguise as an impoverished immigrant, the pampered prince quickly finds himself a new job, new friends, new digs, new enemies and lots of trouble.",
    "type": "movie"
}