{
    "id": "10417",
    "title": "PAW Patrol",
    "release_year": "2013",
    "genres": [
        "Animation",
        "Kids"
    ],
    "average_rating": 6.996,
    "description": "Marshall, Rocky, Rubble, Zuma and Skye are doing their best to protect the people of their town. Led by Ryder, a tech-savvy 10-year-old boy, each of them is equipped with special equipment and together they help anyone who finds themselves in trouble. No task is too big for them and no puppy is too small.",
    "type": "tv"
}