{
    "id": "1041",
    "title": "Ape vs Mecha Ape",
    "release_year": "2023",
    "genres": [
        "Action",
        "Science Fiction"
    ],
    "average_rating": 5.8,
    "description": "Recognizing the destructive power of its captive giant Ape, the military makes its own battle-ready A.I., Mecha Ape. But its first practical test goes horribly wrong, leaving the military no choice but to release the imprisoned giant ape to stop the colossal robot before it destroys downtown Chicago.",
    "type": "movie"
}