{
    "id": "10411",
    "title": "Marvel's Agents of S.H.I.E.L.D.",
    "release_year": "2013",
    "genres": [
        "Drama",
        "Sci-Fi & Fantasy",
        "Action & Adventure"
    ],
    "average_rating": 7.474,
    "description": "Agent Phil Coulson of S.H.I.E.L.D. (Strategic Homeland Intervention, Enforcement and Logistics Division) puts together a team of agents to investigate the new, the strange and the unknown around the globe, protecting the ordinary from the extraordinary.",
    "type": "tv"
}