{
    "id": "10410",
    "title": "Hetalia",
    "release_year": "2009",
    "genres": [
        "Animation",
        "Comedy"
    ],
    "average_rating": 5.8,
    "description": "In a time filled with wars, environmental concerns and issues, there lives a gaggle of beautiful boys that are the personification of the world's countries. Japan, England, France, Finland, Germany and the rest of the boys attend the World Conference and tackle issues like global warming with a heavy dose of fun. Through multiple world wars the gang will traverse deserts, build mecha U-boats and solve the world's problems together!",
    "type": "tv"
}