{
    "id": "10414",
    "title": "Dog Days",
    "release_year": "2011",
    "genres": [
        "Animation",
        "Sci-Fi & Fantasy",
        "Action & Adventure"
    ],
    "average_rating": 7.2,
    "description": "Dog Days takes place in the world of Flonyard, an alternate world where its inhabitants look like humans but with animal ears. When Cinque Izumi suddenly gets summoned to this alternate world he is appointed as a Hero. How will he lead his life and interact with the various characters in this new world?",
    "type": "tv"
}