{
    "id": "10422",
    "title": "Where on Earth is Carmen Sandiego?",
    "release_year": "1994",
    "genres": [
        "Mystery",
        "Animation",
        "Kids"
    ],
    "average_rating": 7.3,
    "description": "It's all up to you. You must gather clues, note locations and facts, and finally fit all the clues together to help catch the greatest criminal mastermind in history--none other than the infamous Carmen Sandiego. She's bold, beautiful, and until now, uncatchable. But with your help, the ACME Detective agency might just have a chance at bringing her in.",
    "type": "tv"
}