{
    "id": "10423",
    "title": "Al Fondo Hay Sitio",
    "release_year": "2009",
    "genres": [
        "Comedy",
        "Drama",
        "Soap"
    ],
    "average_rating": 7.8,
    "description": "Al fondo hay sitio is a Peruvian TV series created in 2008-2009 by Efra\u00edn Aguilar. It deals with the problems of social differences and economic status. It's one of the most popular shows in Peru and is now being shown in Ecuador, Bolivia, Paraguay and Uruguay.",
    "type": "tv"
}