{
    "id": "10420",
    "title": "The Mike Douglas Show",
    "release_year": "1961",
    "genres": [
        "Comedy",
        "Talk"
    ],
    "average_rating": 5.375,
    "description": "The Mike Douglas Show is an American daytime television talk show hosted by Mike Douglas that originally aired only in the Cleveland area during much of its first two years on the air. It then went into syndication in 1963 and remained on television until 1982. It was distributed by Westinghouse Broadcasting and for much of its run, originated from studios of two of the company's TV stations in Cleveland and Philadelphia.",
    "type": "tv"
}