{
    "id": "1042",
    "title": "Bruce Almighty",
    "release_year": "2003",
    "genres": [
        "Fantasy",
        "Comedy"
    ],
    "average_rating": 6.7,
    "description": "Bruce Nolan toils as a \"human interest\" television reporter in Buffalo, NY, but despite his high ratings and the love of his beautiful girlfriend, Bruce remains unfulfilled. At the end of the worst day in his life, he angrily ridicules God - and the Almighty responds, endowing Bruce with all of His divine powers.",
    "type": "movie"
}