{
    "id": "10439",
    "title": "March Comes In Like a Lion",
    "release_year": "2016",
    "genres": [
        "Animation",
        "Drama"
    ],
    "average_rating": 8.0,
    "description": "Rei is a 17-year old professional sh\u014dgi player, who lives by himself, not having a real family, and has scarcely any friends. Among his acquaintances is a family, which consists of a young woman, Akari, and two young girls, Hinata and Momo, and who also keep a numerous number of cats.",
    "type": "tv"
}