{
    "id": "10433",
    "title": "Pretty Little Liars",
    "release_year": "2010",
    "genres": [
        "Drama",
        "Mystery"
    ],
    "average_rating": 7.981,
    "description": "Based on the Pretty Little Liars series of young adult novels by Sara Shepard, the series follows the lives of four girls \u2014 Spencer, Hanna, Aria, and Emily \u2014 whose clique falls apart after the disappearance of their queen bee, Alison. One year later, they begin receiving messages from someone using the name \"A\" who threatens to expose their secrets \u2014 including long-hidden ones they thought only Alison knew.",
    "type": "tv"
}