{
    "id": "10446",
    "title": "Weekly Idol",
    "release_year": "2011",
    "genres": [
        "Talk"
    ],
    "average_rating": 6.2,
    "description": "Weekly Idol is back with all new hosts. Cho Sae Ho, Hwang Kwang Hee and Nam Chang Hee are sticking together as a new unit group for Weekly Idol, a.k.a CKN Trio, to turn the idol world upside down! Get ready for their hot debut! Cho Sae Ho transforms himself into an idol expert. The hottest entertainer in the show business is marching into the idol world after taking over variety shows and he's more than ready to dominate the show with his amazing look and talents. They say idols understand each other best! As soon as being discharged from military service, Hwang Kwang Hee is reenlisted in Weekly Idol as a senior and a mentor to cheer his fellow idol friends. And lastly, the hidden card of the trio, Nam Chang Hee joins Weekly Idol. With his irresistible charms and talents, Nam Chang Hee becomes the irreplaceable member of Weekly Idol and shows off his amazing chemistry with idols.",
    "type": "tv"
}