{
    "id": "1044",
    "title": "Geostorm",
    "release_year": "2017",
    "genres": [
        "Action",
        "Science Fiction",
        "Thriller"
    ],
    "average_rating": 6.1,
    "description": "After an unprecedented series of natural disasters threatened the planet, the world's leaders came together to create an intricate network of satellites to control the global climate and keep everyone safe. But now, something has gone wrong: the system built to protect Earth is attacking it, and it becomes a race against the clock to uncover the real threat before a worldwide geostorm wipes out everything and everyone along with it.",
    "type": "movie"
}