{
    "id": "10443",
    "title": "It's Always Sunny in Philadelphia",
    "release_year": "2005",
    "genres": [
        "Comedy"
    ],
    "average_rating": 8.288,
    "description": "Four egocentric friends run a neighborhood Irish pub in Philadelphia and try to find their way through the adult world of work and relationships. Unfortunately, their warped views and precarious judgments often lead them to trouble, creating a myriad of uncomfortable situations that usually only get worse before they get better.",
    "type": "tv"
}