{
    "id": "10442",
    "title": "A Indomada",
    "release_year": "1997",
    "genres": [
        "Soap",
        "Drama"
    ],
    "average_rating": 6.1,
    "description": "A Indomada is a Brazilian telenovela produced and aired by Globo February 17 to October 11, 1997. Authored by Aguinaldo Silva and Ricardo Linares, with the collaboration of Maria Elisa Berredo, Mark Silver and Nadotti Nelson and directed by Marcos Paulo Roberto Naar and Luiz Henrique Reis, had the general direction and core Marcos Paulo.\n\nFeatured actors Adriana Esteves, Jos\u00e9 Mayer, Eva Wilma and Ary Fontoura leading roles in the plot.",
    "type": "tv"
}