{
    "id": "10447",
    "title": "Soy Luna",
    "release_year": "2016",
    "genres": [
        "Soap",
        "Kids",
        "Family",
        "Comedy"
    ],
    "average_rating": 7.9,
    "description": "Luna Valente lives with her family in Canc\u00fan, Mexico. She goes to school, has her own group of friends, has a job, and loves to skate. However, her life changes when her parents are given a job offer that moves them to Buenos Aires, Argentina. There she finds a new skating rink (named Jam & Roller), learns freestyling, makes new friends, and even falls in love.",
    "type": "tv"
}