{
    "id": "1014",
    "title": "In Time",
    "release_year": "2011",
    "genres": [
        "Action",
        "Thriller",
        "Science Fiction"
    ],
    "average_rating": 6.971,
    "description": "In the not-too-distant future, the aging gene has been switched off. To avoid overpopulation, time has become the currency and the way people pay for luxuries and necessities. The rich can live forever, while the rest struggle to negotiate for their immortality. A poor young man who suddenly comes into a fortune of time finds himself on the run from a corrupt police force known as the \"time keepers\".",
    "type": "movie"
}