{
    "id": "1016",
    "title": "Puss in Boots",
    "release_year": "2011",
    "genres": [
        "Animation",
        "Family",
        "Fantasy",
        "Adventure",
        "Comedy"
    ],
    "average_rating": 6.567,
    "description": "Long before he even met Shrek, the notorious fighter, lover and outlaw Puss in Boots becomes a hero when he sets off on an adventure with the tough and street smart Kitty Softpaws and the mastermind Humpty Dumpty to save his town. This is the true story of The Cat, The Myth, The Legend... The Boots.",
    "type": "movie"
}