{
    "id": "1019",
    "title": "Paradox Effect",
    "release_year": "2024",
    "genres": [
        "Action",
        "Thriller"
    ],
    "average_rating": 5.6,
    "description": "An innocent woman is forced to confront a dangerous kingpin who has kidnapped her young daughter and is holding her for ransom. She teams up with a corrupt Interpol agent, whose son is also being held hostage, to rip off various criminals to raise the ransom to save their offspring. Together they have one hour to save their families from the wrath of bigwig.",
    "type": "movie"
}