{
    "id": "102",
    "title": "Kung Fu Panda 4",
    "release_year": "2024",
    "genres": [
        "Animation",
        "Family",
        "Fantasy",
        "Action"
    ],
    "average_rating": 7.081,
    "description": "Po is gearing up to become the spiritual leader of his Valley of Peace, but also needs someone to take his place as Dragon Warrior. As such, he will train a new kung fu practitioner for the spot and will encounter a villain called the Chameleon who conjures villains from the past.",
    "type": "movie"
}