{
    "id": "1023",
    "title": "The Concubine",
    "release_year": "2012",
    "genres": [
        "Drama"
    ],
    "average_rating": 5.9,
    "description": "Living a torturous life of poverty and barely able to survive, Hwa-yeon decides to offer herself as one of the king\u2019s concubines. Once inside the royal palace, two men are immediately seized by the woman - the Grand Prince Seong-won, a megalomaniacal ruler drunk with power and lust, and Kwon-yoo, who has everything to lose if his desire for Hwa-yeon is exposed.",
    "type": "movie"
}