{
    "id": "1025",
    "title": "Justice League: Crisis on Infinite Earths Part One",
    "release_year": "2024",
    "genres": [
        "Animation",
        "Science Fiction",
        "Action"
    ],
    "average_rating": 7.5,
    "description": "Death is coming. Worse than death: oblivion. Not just for our Earth, but for everyone, everywhere, in every universe! Against this ultimate destruction, the mysterious Monitor has gathered the greatest team of Super Heroes ever assembled. But what can the combined might of Superman, Wonder Woman, Batman, The Flash, Green Lantern and hundreds of Super Heroes from multiple Earths even do to save all of reality from an unstoppable antimatter armageddon?!",
    "type": "movie"
}