{
    "id": "1029",
    "title": "The Secret Life of Pets 2",
    "release_year": "2019",
    "genres": [
        "Adventure",
        "Animation",
        "Comedy",
        "Family"
    ],
    "average_rating": 6.96,
    "description": "Max the terrier must cope with some major life changes when his owner gets married and has a baby. When the family takes a trip to the countryside, nervous Max has numerous run-ins with canine-intolerant cows, hostile foxes and a scary turkey. Luckily for Max, he soon catches a break when he meets Rooster, a gruff farm dog who tries to cure the lovable pooch of his neuroses.",
    "type": "movie"
}