{
    "id": "1031",
    "title": "Indiana Jones and the Kingdom of the Crystal Skull",
    "release_year": "2008",
    "genres": [
        "Adventure",
        "Action"
    ],
    "average_rating": 6.0,
    "description": "Set during the Cold War, the Soviets\u2014led by sword-wielding Irina Spalko\u2014are in search of a crystal skull which has supernatural powers related to a mystical Lost City of Gold. Indy is coerced to head to Peru at the behest of a young man whose friend\u2014and Indy's colleague\u2014Professor Oxley has been captured for his knowledge of the skull's whereabouts.",
    "type": "movie"
}