{
    "id": "1038",
    "title": "The Curious Case of Benjamin Button",
    "release_year": "2008",
    "genres": [
        "Drama",
        "Fantasy",
        "Romance"
    ],
    "average_rating": 7.591,
    "description": "Born under unusual circumstances, Benjamin Button springs into being as an elderly man in a New Orleans nursing home and ages in reverse. Twelve years after his birth, he meets Daisy, a child who flits in and out of his life as she grows up to be a dancer. Though he has all sorts of unusual adventures over the course of his life, it is his relationship with Daisy, and the hope that they will come together at the right time, that drives Benjamin forward.",
    "type": "movie"
}