{
    "id": "1039",
    "title": "Megamind",
    "release_year": "2010",
    "genres": [
        "Animation",
        "Action",
        "Comedy",
        "Family",
        "Science Fiction"
    ],
    "average_rating": 6.997,
    "description": "After Megamind, a highly intelligent alien supervillain, defeats his long-time nemesis Metro Man, Megamind creates a new hero to fight, but must act to save the city when his \"creation\" becomes an even worse villain than he was.",
    "type": "movie"
}