{
    "id": "1045",
    "title": "The Forge",
    "release_year": "2024",
    "genres": [
        "Drama",
        "Family"
    ],
    "average_rating": 8.275,
    "description": "19 year old Isaiah Wright lives for basketball and video games. A year out of high school, he has no job, no plans, and no idea how to be a man. At odds with his single mother Cynthia, Isaiah is given an ultimatum \u2013 to step up or move out. Feeling the pull from his friends and the push from his mom, Isaiah is hired by Moore Fitness, unaware of how the owner will personally impact his life. With the prayers of his mother and unexpected guidance from his new mentor, Isaiah is forced to deal with his past, sacrifice his selfishness and discover how God might have a greater purpose for his life.",
    "type": "movie"
}