{
    "id": "1047",
    "title": "Better Man",
    "release_year": "2024",
    "genres": [
        "Music",
        "Comedy",
        "Drama"
    ],
    "average_rating": 7.7,
    "description": "Follow Robbie Williams' journey from childhood, to being the youngest member of chart-topping boyband Take That, through to his unparalleled achievements as a record-breaking solo artist \u2013 all the while confronting the challenges that stratospheric fame and success can bring.",
    "type": "movie"
}