{
    "id": "105",
    "title": "Alarum",
    "release_year": "2025",
    "genres": [
        "Action",
        "Crime",
        "Thriller"
    ],
    "average_rating": 5.6,
    "description": "Two married spies caught in the crosshairs of an international intelligence network will stop at nothing to obtain a critical asset. Joe and Lara are agents living off the grid whose quiet retreat at a winter resort is blown to shreds when members of the old guard suspect the two may have joined an elite team of rogue spies, known as Alarum.",
    "type": "movie"
}