{
    "id": "1052",
    "title": "The Jungle Book",
    "release_year": "1967",
    "genres": [
        "Family",
        "Animation",
        "Adventure"
    ],
    "average_rating": 7.3,
    "description": "The boy Mowgli makes his way to the man-village with Bagheera, the wise panther. Along the way he meets jazzy King Louie, the hypnotic snake Kaa and the lovable, happy-go-lucky bear Baloo, who teaches Mowgli \"The Bare Necessities\" of life and the true meaning of friendship.",
    "type": "movie"
}