{
    "id": "1053",
    "title": "Battleship",
    "release_year": "2012",
    "genres": [
        "Thriller",
        "Action",
        "Adventure",
        "Science Fiction"
    ],
    "average_rating": 5.859,
    "description": "When mankind beams a radio signal into space, a reply comes from \u2018Planet G\u2019, in the form of several alien crafts that splash down in the waters off Hawaii. Lieutenant Alex Hopper is a weapons officer assigned to the USS John Paul Jones, part of an international naval coalition which becomes the world's last hope for survival as they engage the hostile alien force of unimaginable strength. While taking on the invaders, Hopper must also try to live up to the potential that his brother, and his fianc\u00e9e's father\u2014an Admiral\u2014expect of him.",
    "type": "movie"
}