{
    "id": "1056",
    "title": "The Great Gatsby",
    "release_year": "2013",
    "genres": [
        "Drama",
        "Romance"
    ],
    "average_rating": 7.365,
    "description": "An adaptation of F. Scott Fitzgerald's Long Island-set novel, where Midwesterner Nick Carraway is lured into the lavish world of his neighbor, Jay Gatsby. Soon enough, however, Carraway will see through the cracks of Gatsby's nouveau riche existence, where obsession, madness, and tragedy await.",
    "type": "movie"
}