{
    "id": "1057",
    "title": "The Hunchback of Notre Dame",
    "release_year": "1996",
    "genres": [
        "Drama",
        "Animation",
        "Family"
    ],
    "average_rating": 7.1,
    "description": "Isolated bell-ringer Quasimodo wishes to leave Notre Dame tower against the wishes of Judge Claude Frollo, his stern guardian and Paris' strait-laced Minister of Justice. His first venture to the outside world finds him Esmeralda, a kind-hearted and fearless Romani woman who openly stands up to Frollo's tyranny.",
    "type": "movie"
}