{
    "id": "106",
    "title": "The Garfield Movie",
    "release_year": "2024",
    "genres": [
        "Animation",
        "Comedy",
        "Family",
        "Adventure",
        "Action"
    ],
    "average_rating": 7.123,
    "description": "Garfield, the world-famous, Monday-hating, lasagna-loving indoor cat, is about to have a wild outdoor adventure! After an unexpected reunion with his long-lost father \u2013 scruffy street cat Vic \u2013 Garfield and his canine friend Odie are forced from their perfectly pampered life into joining Vic in a hilarious, high-stakes heist.",
    "type": "movie"
}