{
    "id": "1060",
    "title": "Don't Be a Menace to South Central While Drinking Your Juice in the Hood",
    "release_year": "1996",
    "genres": [
        "Comedy",
        "Crime"
    ],
    "average_rating": 7.0,
    "description": "When Ashtray moves to South Central L.A. to live with his father (who appears to be the same age he is) and grandmother (who likes to talk tough and smoke reefer), he falls in with his gang-banging cousin Loc Dog, who along with the requisite pistols and Uzi carries a thermo-nuclear warhead for self-defense. Will Ashtray be able to keep living the straight life?",
    "type": "movie"
}