{
    "id": "1066",
    "title": "Ford v Ferrari",
    "release_year": "2019",
    "genres": [
        "Drama",
        "Action",
        "History"
    ],
    "average_rating": 8.005,
    "description": "American car designer Carroll Shelby and the British-born driver Ken Miles work together to battle corporate interference, the laws of physics, and their own personal demons to build a revolutionary race car for Ford Motor Company and take on the dominating race cars of Enzo Ferrari at the 24 Hours of Le Mans in France in 1966.",
    "type": "movie"
}