{
    "id": "107",
    "title": "Harry Potter and the Philosopher's Stone",
    "release_year": "2001",
    "genres": [
        "Adventure",
        "Fantasy"
    ],
    "average_rating": 7.906,
    "description": "Harry Potter has lived under the stairs at his aunt and uncle's house his whole life. But on his 11th birthday, he learns he's a powerful wizard\u2014with a place waiting for him at the Hogwarts School of Witchcraft and Wizardry. As he learns to harness his newfound powers with the help of the school's kindly headmaster, Harry uncovers the truth about his parents' deaths\u2014and about the villain who's to blame.",
    "type": "movie"
}