{
    "id": "1070",
    "title": "The Empty Man",
    "release_year": "2020",
    "genres": [
        "Horror",
        "Mystery",
        "Thriller"
    ],
    "average_rating": 6.155,
    "description": "Retired cop James Lasombra is asked by a friend to investigate the disappearance of her daughter, who seemingly packed in the night and left an ominous message on the bathroom mirror - \"The Empty Man Made Me Do It.\" As he investigates this mysterious figure further, James begins to see and hear strange things, and is forced to come to terms with his past and what it means for his future.",
    "type": "movie"
}