{
    "id": "1073",
    "title": "Playing with Love",
    "release_year": "1977",
    "genres": [
        "Drama"
    ],
    "average_rating": 5.179,
    "description": "Laura and Fabrizio have been meeting every summer in the forest by her parent's summer home. Fabrizio is a solitary boy with only his dog for company; Laura a sweet but unconfident child. This summer new aspects enter into their story as both are growing up. Laura is falling in love with Fabrizio, while he displays a new sexual awareness of her masked by his malice. Things develop further when they meet Sylvia who, unlike the innocent Laura, is confident and assertive. Fabrizio develops a fascination with her, eventually bribing Laura to fetch her to the forest to join them in play.",
    "type": "movie"
}