{
    "id": "1076",
    "title": "Heat",
    "release_year": "1995",
    "genres": [
        "Crime",
        "Drama",
        "Action"
    ],
    "average_rating": 7.9,
    "description": "Obsessive master thief Neil McCauley leads a top-notch crew on various daring heists throughout Los Angeles while determined detective Vincent Hanna pursues him without rest. Each man recognizes and respects the ability and the dedication of the other even though they are aware their cat-and-mouse game may end in violence.",
    "type": "movie"
}