{
    "id": "1078",
    "title": "Rambo: Last Blood",
    "release_year": "2019",
    "genres": [
        "Action",
        "Thriller",
        "Drama"
    ],
    "average_rating": 6.5,
    "description": "After fighting his demons for decades, John Rambo now lives in peace on his family ranch in Arizona, but his rest is interrupted when Gabriela, the granddaughter of his housekeeper Mar\u00eda, disappears after crossing the border into Mexico to meet her biological father. Rambo, who has become a true father figure for Gabriela over the years, undertakes a desperate and dangerous journey to find her.",
    "type": "movie"
}