{
    "id": "108",
    "title": "Dune: Part Two",
    "release_year": "2024",
    "genres": [
        "Science Fiction",
        "Adventure"
    ],
    "average_rating": 8.2,
    "description": "Follow the mythic journey of Paul Atreides as he unites with Chani and the Fremen while on a path of revenge against the conspirators who destroyed his family. Facing a choice between the love of his life and the fate of the known universe, Paul endeavors to prevent a terrible future only he can foresee.",
    "type": "movie"
}