{
    "id": "1089",
    "title": "Dumb and Dumber",
    "release_year": "1994",
    "genres": [
        "Comedy"
    ],
    "average_rating": 6.6,
    "description": "Lloyd and Harry are two men whose stupidity is really indescribable. When Mary, a beautiful woman, loses an important suitcase with money before she leaves for Aspen, the two friends (who have found the suitcase) decide to return it to her. After some \"adventures\" they finally get to Aspen where, using the lost money they live it up and fight for Mary's heart.",
    "type": "movie"
}