{
    "id": "109",
    "title": "Kingdom of the Planet of the Apes",
    "release_year": "2024",
    "genres": [
        "Science Fiction",
        "Adventure",
        "Action"
    ],
    "average_rating": 7.1,
    "description": "Several generations following Caesar's reign, apes \u2013 now the dominant species \u2013 live harmoniously while humans have been reduced to living in the shadows. As a new tyrannical ape leader builds his empire, one young ape undertakes a harrowing journey that will cause him to question all he's known about the past and to make choices that will define a future for apes and humans alike.",
    "type": "movie"
}