{
    "id": "1090",
    "title": "Tinker Bell and the Legend of the NeverBeast",
    "release_year": "2014",
    "genres": [
        "Adventure",
        "Animation",
        "Family"
    ],
    "average_rating": 7.334,
    "description": "An ancient myth of a massive creature sparks the curiosity of Tinker Bell and her good friend Fawn, an animal fairy who\u2019s not afraid to break the rules to help an animal in need. But this creature is not welcome in Pixie Hollow \u2014 and the scout fairies are determined to capture the mysterious beast, who they fear will destroy their home. Fawn must convince her fairy friends to risk everything to rescue the NeverBeast.",
    "type": "movie"
}