{
    "id": "1092",
    "title": "My Friend's Wife",
    "release_year": "2015",
    "genres": [
        "Romance"
    ],
    "average_rating": 5.8,
    "description": "I want to spend all night with my friend's wife who is extremely sexy. Jeong-woo is a husband who can't get an erection while his marriage is going down the drain.  A friend and his wife from the States suggest a couples trip and Jeong-woo meets his friend's wife Hye-sook who is extremely sexy. His 'package' keeps getting stimlated every time he sees her. He tries to ignore it but every time he sees her, he gets sexual fantasies. Finally, he suggests to his friend, to 'switch' partners...",
    "type": "movie"
}