{
    "id": "1093",
    "title": "Final Destination 5",
    "release_year": "2011",
    "genres": [
        "Horror",
        "Mystery"
    ],
    "average_rating": 6.1,
    "description": "Death is just as omnipresent as ever, and is unleashed after one man\u2019s premonition saves a group of coworkers from a terrifying suspension bridge collapse. But this group of unsuspecting souls was never supposed to survive, and, in a terrifying race against time, the ill-fated group frantically tries to discover a way to escape Death\u2019s sinister agenda.",
    "type": "movie"
}