{
    "id": "1097",
    "title": "El Apocalipsis de san Juan",
    "release_year": "2024",
    "genres": [
        "Documentary",
        "History"
    ],
    "average_rating": 10.0,
    "description": "Embark on an epic journey through time and faith with 'The Apocalypse of Saint John.' Join the Apostle John in a stunning visual narrative that unravels the visions of the End Times. Experience each vision like never before, with striking visual effects and epic scenes that immerse you in the apocalyptic narrative.",
    "type": "movie"
}