{
    "id": "1098",
    "title": "Bad Boys",
    "release_year": "1995",
    "genres": [
        "Action",
        "Comedy",
        "Crime",
        "Thriller"
    ],
    "average_rating": 6.819,
    "description": "Marcus Burnett is a henpecked family man. Mike Lowrey is a footloose and fancy free ladies' man. Both Miami policemen, they have 72 hours to reclaim a consignment of drugs stolen from under their station's nose. To complicate matters, in order to get the assistance of the sole witness to a murder, they have to pretend to be each other.",
    "type": "movie"
}