{
    "id": "11",
    "title": "Werewolves",
    "release_year": "2024",
    "genres": [
        "Action",
        "Horror",
        "Thriller"
    ],
    "average_rating": 6.5,
    "description": "A year after a supermoon\u2019s light activated a dormant gene, transforming humans into bloodthirsty werewolves and causing nearly a billion deaths, the nightmare resurfaces as the supermoon rises again. Two scientists attempt to stop the mutation but fail and must now struggle to reach one of their family homes.",
    "type": "movie"
}