{
    "id": "110",
    "title": "Death Note Relight 1: Visions of a God",
    "release_year": "2007",
    "genres": [
        "TV Movie",
        "Crime",
        "Drama",
        "Fantasy",
        "Thriller",
        "Animation"
    ],
    "average_rating": 8.1,
    "description": "A recap of Death Note episodes 1\u201326, with new footage. When rogue shinigami Ryuk leaves his Death Note in the human world, he has no idea how far the one who finds it will take his new-found power. With the Death Note in hand, brilliant high school student Light Yagami vows to rid the world of evil.",
    "type": "movie"
}