{
    "id": "1100",
    "title": "E.T. the Extra-Terrestrial",
    "release_year": "1982",
    "genres": [
        "Science Fiction",
        "Adventure",
        "Family",
        "Fantasy"
    ],
    "average_rating": 7.515,
    "description": "An alien is left behind on Earth and saved by the 10-year-old Elliot who decides to keep him hidden in his home. While a task force hunts for the extra-terrestrial, Elliot, his brother, and his little sister Gertie form an emotional bond with their new friend, and try to help him find his way home.",
    "type": "movie"
}