{
    "id": "1103",
    "title": "The Deep Dark",
    "release_year": "2023",
    "genres": [
        "Adventure",
        "Horror",
        "Drama"
    ],
    "average_rating": 5.74,
    "description": "1956, in the north of France. A group of underground miners is forced to take a professor to take samples a thousand meters underground. After a landslide that prevents them from going back up, they discover a crypt from another time, and unknowingly awaken a legendary bloodthirsty creature.",
    "type": "movie"
}