{
    "id": "1104",
    "title": "G.I. Joe: Retaliation",
    "release_year": "2013",
    "genres": [
        "Action",
        "Science Fiction",
        "Adventure"
    ],
    "average_rating": 5.625,
    "description": "Framed for crimes against the country, the G.I. Joe team is terminated by Presidential order. This forces the G.I. Joes into not only fighting their mortal enemy Cobra; they are forced to contend with threats from within the government that jeopardize their very existence.",
    "type": "movie"
}