{
    "id": "1109",
    "title": "The Girl with the Dragon Tattoo",
    "release_year": "2011",
    "genres": [
        "Thriller",
        "Crime",
        "Mystery"
    ],
    "average_rating": 7.376,
    "description": "Disgraced journalist Mikael Blomkvist investigates the disappearance of a weary patriarch's niece from 40 years ago. He is aided by the pierced, tattooed, punk computer hacker named Lisbeth Salander. As they work together in the investigation, Blomkvist and Salander uncover immense corruption beyond anything they have ever imagined.",
    "type": "movie"
}