{
    "id": "111",
    "title": "Arena Wars",
    "release_year": "2024",
    "genres": [
        "Action",
        "Science Fiction",
        "Thriller",
        "Comedy",
        "Horror"
    ],
    "average_rating": 5.2,
    "description": "In 2045 convicted criminals are given the opportunity to compete on the world's #1 televised sporting event, Arena Wars. They must survive 7 rooms and 7 of the most vicious killers in the country. If they win, they regain their freedom.",
    "type": "movie"
}