{
    "id": "1112",
    "title": "28 Weeks Later",
    "release_year": "2007",
    "genres": [
        "Horror",
        "Thriller",
        "Science Fiction"
    ],
    "average_rating": 6.612,
    "description": "The inhabitants of the British Isles have lost their battle against the onslaught of disease, as the deadly rage virus has killed every citizen there. Six months later, a group of Americans dare to set foot on the Isles, convinced the danger has passed. But it soon becomes all too clear that the scourge continues to live, waiting to pounce on its next victims.",
    "type": "movie"
}