{
    "id": "1113",
    "title": "The Town",
    "release_year": "2010",
    "genres": [
        "Crime",
        "Drama",
        "Thriller"
    ],
    "average_rating": 7.218,
    "description": "Doug MacRay is a longtime thief, who, smarter than the rest of his crew, is looking for his chance to exit the game. When a bank job leads to the group kidnapping an attractive branch manager, he takes on the role of monitoring her \u2013 but their burgeoning relationship threatens to unveil the identities of Doug and his crew to the FBI Agent who is on their case.",
    "type": "movie"
}