{
    "id": "112",
    "title": "The Soul Eater",
    "release_year": "2024",
    "genres": [
        "Thriller",
        "Horror",
        "Crime",
        "Mystery"
    ],
    "average_rating": 6.116,
    "description": "When the disappearance of children and bloody murders multiply in a small mountain village, an old legend shrouded in sulphur reappears... Commander Guardiano and Captain of the Gendarmerie De Rolan are forced to join forces to uncover the truth.",
    "type": "movie"
}