{
    "id": "1124",
    "title": "Pearl Harbor",
    "release_year": "2001",
    "genres": [
        "War",
        "History",
        "Romance",
        "Drama",
        "Action"
    ],
    "average_rating": 6.941,
    "description": "The lifelong friendship between Rafe McCawley and Danny Walker is put to the ultimate test when the two ace fighter pilots become entangled in a love triangle with beautiful Naval nurse Evelyn Johnson. But the rivalry between the friends-turned-foes is immediately put on hold when they find themselves at the center of Japan's devastating attack on Pearl Harbor on Dec. 7, 1941.",
    "type": "movie"
}