{
    "id": "1126",
    "title": "Demon Slayer: Kimetsu no Yaiba \u2013 Sibling's Bond",
    "release_year": "2019",
    "genres": [
        "Animation",
        "Action",
        "Fantasy",
        "Thriller"
    ],
    "average_rating": 7.9,
    "description": "A recap of Kimetsu no Yaiba episodes 1\u20135, with new footage and special end credits. Tanjiro Kamado returns home to find his family slaughtered and the lone survivor, his sister Nezuko, turned into a Demon. To his surprise, however, Nezuko still shows signs of human emotion and thought. Thus begins Tanjiro's journey to seek out the Demon who killed their family and turn his sister human again.",
    "type": "movie"
}