{
    "id": "1127",
    "title": "Jack Reacher: Never Go Back",
    "release_year": "2016",
    "genres": [
        "Action",
        "Thriller"
    ],
    "average_rating": 6.0,
    "description": "Years after resigning command of an elite military police unit, the nomadic, righter-of-wrongs Reacher is drawn back into the life he left behind when his friend and successor, Major Susan Turner is framed for espionage. Reacher will stop at nothing to prove her innocence and to expose the real perpetrators behind the killings of his former soldiers.",
    "type": "movie"
}