{
    "id": "1136",
    "title": "Ladies' Doctor",
    "release_year": "1977",
    "genres": [
        "Comedy"
    ],
    "average_rating": 4.2,
    "description": "Dr. Lo Bianco, debt load, flees abroad and the headquarters avviatissimo study gynecological colleague Giovannaldi. These are adept at gaining the trust of high society and, thanks to the relationship established with the wife of a wealthy manufacturer (enough to get her pregnant), she becomes finance, own the cuckolded husband, a luxury clinic. And there will be a prize for Lobianco.",
    "type": "movie"
}