{
    "id": "1147",
    "title": "Sleeping Beauty",
    "release_year": "1959",
    "genres": [
        "Fantasy",
        "Animation",
        "Romance",
        "Family"
    ],
    "average_rating": 6.9,
    "description": "Cursed to die by the evil fairy Maleficent when she was a baby, Princess Aurora is sent into hiding under protection from three good fairies. As she grows up far away, Maleficent becomes increasingly determined to seal the princess's fate.",
    "type": "movie"
}