{
    "id": "1148",
    "title": "Ocean's Eleven",
    "release_year": "2001",
    "genres": [
        "Thriller",
        "Crime"
    ],
    "average_rating": 7.446,
    "description": "Less than 24 hours into his parole, charismatic thief Danny Ocean is already rolling out his next plan: In one night, Danny's hand-picked crew of specialists will attempt to steal more than $150 million from three Las Vegas casinos. But to score the cash, Danny risks his chances of reconciling with ex-wife, Tess.",
    "type": "movie"
}