{
    "id": "115",
    "title": "Watchmen: Chapter II",
    "release_year": "2024",
    "genres": [
        "Animation",
        "Mystery",
        "Science Fiction",
        "Action"
    ],
    "average_rating": 7.4,
    "description": "Suspicious of the events ensnaring their former colleagues, Nite Owl and Silk Spectre are spurred out of retirement to investigate. As they grapple with personal ethics, inner demons and a society turned against them, they race the clock to uncover a deepening plot that might trigger global nuclear war.",
    "type": "movie"
}