{
    "id": "1155",
    "title": "A Sacrifice",
    "release_year": "2024",
    "genres": [
        "Thriller"
    ],
    "average_rating": 5.3,
    "description": "American social psychologist Ben Monroe investigates a local cult connected to a disturbing event. While he immerses himself into his work, his rebellious teenage daughter, Mazzy, gets involved with a mysterious local boy, who introduces her to the city\u2019s underground party scene. As these two worlds head towards an intersection, Mazzy finds herself in great danger and Ben will need to race against the clock to save her.",
    "type": "movie"
}