{
    "id": "1156",
    "title": "The Goonies",
    "release_year": "1985",
    "genres": [
        "Adventure",
        "Comedy",
        "Family"
    ],
    "average_rating": 7.514,
    "description": "A young teenager named Mikey Walsh finds an old treasure map in his father's attic. Hoping to save their homes from demolition, Mikey and his friends Data Wang, Chunk Cohen, and Mouth Devereaux run off on a big quest to find the secret stash of Pirate One-Eyed Willie.",
    "type": "movie"
}