{
    "id": "1157",
    "title": "Terminator 3: Rise of the Machines",
    "release_year": "2003",
    "genres": [
        "Action",
        "Thriller",
        "Science Fiction"
    ],
    "average_rating": 6.165,
    "description": "It's been 10 years since John Connor saved Earth from Judgment Day, and he's now living under the radar, steering clear of using anything Skynet can trace. That is, until he encounters T-X, a robotic assassin ordered to finish what T-1000 started. Good thing Connor's former nemesis, the Terminator, is back to aid the now-adult Connor \u2026 just like he promised.",
    "type": "movie"
}