{
    "id": "116",
    "title": "The Lord of the Rings: The Fellowship of the Ring",
    "release_year": "2001",
    "genres": [
        "Adventure",
        "Fantasy",
        "Action"
    ],
    "average_rating": 8.418,
    "description": "Young hobbit Frodo Baggins, after inheriting a mysterious ring from his uncle Bilbo, must leave his home in order to keep it from falling into the hands of its evil creator. Along the way, a fellowship is formed to protect the ringbearer and make sure that the ring arrives at its final destination: Mt. Doom, the only place where it can be destroyed.",
    "type": "movie"
}