{
    "id": "1163",
    "title": "Men in Black",
    "release_year": "1997",
    "genres": [
        "Action",
        "Adventure",
        "Comedy",
        "Science Fiction"
    ],
    "average_rating": 7.203,
    "description": "After a police chase with an otherworldly being, a New York City cop is recruited as an agent in a top-secret organization established to monitor and police alien activity on Earth: the Men in Black. Agent K and new recruit Agent J find themselves in the middle of a deadly plot by an intergalactic terrorist who has arrived on Earth to assassinate two ambassadors from opposing galaxies.",
    "type": "movie"
}