{
    "id": "1166",
    "title": "Alienoid: Return to the Future",
    "release_year": "2024",
    "genres": [
        "Action",
        "Fantasy",
        "Adventure"
    ],
    "average_rating": 6.589,
    "description": "Ean has a critical mission to return to the future to save everyone. However, she becomes trapped in the distant past while trying to prevent the escape of alien prisoners who are locked up in the bodies of humans. Meanwhile, Muruk, who helps Ean escape various predicaments, is unnerved when he begins sensing the presence of a strange being in his body. Traveling through the centuries, they are trying to prevent the explosion of the haava.",
    "type": "movie"
}