{
    "id": "117",
    "title": "The Godfather",
    "release_year": "1972",
    "genres": [
        "Drama",
        "Crime"
    ],
    "average_rating": 8.689,
    "description": "Spanning the years 1945 to 1955, a chronicle of the fictional Italian-American Corleone crime family. When organized crime family patriarch, Vito Corleone barely survives an attempt on his life, his youngest son, Michael steps in to take care of the would-be killers, launching a campaign of bloody revenge.",
    "type": "movie"
}