{
    "id": "1179",
    "title": "American Pie Presents: The Naked Mile",
    "release_year": "2006",
    "genres": [
        "Comedy"
    ],
    "average_rating": 5.5,
    "description": "When Erik Stifler realizes that he's the only Stifler family member who might graduate high school a virgin, he decides to live up to his legacy. After some well-meaning advice from Jim's dad, Erik's ready to take his chances at the annual and infamous Naked Mile race, where his devoted friends and some uninhibited sorority girls will create the most outrageous weekend ever.",
    "type": "movie"
}