{
    "id": "118",
    "title": "Gladiator",
    "release_year": "2000",
    "genres": [
        "Action",
        "Drama",
        "Adventure"
    ],
    "average_rating": 8.219,
    "description": "After the death of Emperor Marcus Aurelius, his devious son takes power and demotes Maximus, one of Rome's most capable generals who Marcus preferred. Eventually, Maximus is forced to become a gladiator and battle to the death against other men for the amusement of paying audiences.",
    "type": "movie"
}