{
    "id": "1184",
    "title": "The Count of Monte Cristo",
    "release_year": "2002",
    "genres": [
        "Adventure",
        "Drama",
        "History"
    ],
    "average_rating": 7.7,
    "description": "Edmond Dant\u00e9s's life and plans to marry the beautiful Mercedes are shattered when his best friend, Fernand, deceives him. After spending 13 miserable years in prison, Dant\u00e9s escapes with the help of a fellow inmate and plots his revenge, cleverly insinuating himself into the French nobility.",
    "type": "movie"
}