{
    "id": "1187",
    "title": "Thelma the Unicorn",
    "release_year": "2024",
    "genres": [
        "Animation",
        "Fantasy",
        "Family"
    ],
    "average_rating": 7.033,
    "description": "Thelma dreams of being a glamorous unicorn. Then in a rare pink and glitter-filled moment of fate, Thelma's wish comes true. She rises to instant international stardom, but at an unexpected cost. After a while, Thelma realizes that she was happier as her ordinary, sparkle-free self. So she ditches her horn, scrubs off her sparkles, and returns home, where her best friend is waiting for her with a hug.",
    "type": "movie"
}