{
    "id": "1189",
    "title": "Just Go with It",
    "release_year": "2011",
    "genres": [
        "Comedy",
        "Romance"
    ],
    "average_rating": 6.701,
    "description": "While romancing Palmer, a much younger schoolteacher, plastic surgeon Danny Maccabee enlists his loyal assistant Katherine to pretend to be his soon to be ex-wife, in order to cover up a careless lie. When more lies backfire, Katherine's kids become involved, and everyone heads off for a weekend in Hawaii that will change all their lives.",
    "type": "movie"
}