{
    "id": "1190",
    "title": "Mechanic: Resurrection",
    "release_year": "2016",
    "genres": [
        "Action",
        "Crime",
        "Thriller"
    ],
    "average_rating": 6.019,
    "description": "Arthur Bishop thought he had put his murderous past behind him when his most formidable foe kidnaps the love of his life. Now he is forced to travel the globe to complete three impossible assassinations, and do what he does best, make them look like accidents.",
    "type": "movie"
}