{
    "id": "1194",
    "title": "Die Alone",
    "release_year": "2024",
    "genres": [
        "Horror",
        "Thriller"
    ],
    "average_rating": 5.7,
    "description": "Lost in a world reclaimed by nature and overrun by mysterious creatures, Ethan, a young man with amnesia navigates the dangerous landscape in search of his lost love Emma.  His journey takes an unexpected turn when he encounters Mae, a hardened and eccentric survivor.  Together, Ethan and Mae face threats both human and otherwise before a fateful encounter with Kai unravels a secret that lies just beyond Ethan's fractured memory.",
    "type": "movie"
}