{
    "id": "1195",
    "title": "Resident Evil: Welcome to Raccoon City",
    "release_year": "2021",
    "genres": [
        "Horror",
        "Science Fiction",
        "Action"
    ],
    "average_rating": 6.0,
    "description": "Once the booming home of pharmaceutical giant Umbrella Corporation, Raccoon City is now a dying Midwestern town. The company\u2019s exodus left the city a wasteland\u2026with great evil brewing below the surface. When that evil is unleashed, the townspeople are forever\u2026changed\u2026and a small group of survivors must work together to uncover the truth behind Umbrella and make it through the night.",
    "type": "movie"
}