{
    "id": "1196",
    "title": "Descendants",
    "release_year": "2015",
    "genres": [
        "Family",
        "Adventure",
        "Fantasy",
        "TV Movie"
    ],
    "average_rating": 7.138,
    "description": "A present-day idyllic kingdom where the benevolent teenage son of King Adam and Queen Belle offers a chance of redemption for the troublemaking offspring of Disney's classic villains: Cruella De Vil (Carlos), Maleficent (Mal), the Evil Queen (Evie) and Jafar (Jay).",
    "type": "movie"
}