{
    "id": "1197",
    "title": "The Poughkeepsie Tapes",
    "release_year": "2007",
    "genres": [
        "Horror",
        "Mystery",
        "Crime",
        "Thriller"
    ],
    "average_rating": 6.582,
    "description": "When hundreds of videotapes showing torture, murder and dismemberment are found in an abandoned house, they reveal a serial killer's decade-long reign of terror and become the most disturbing collection of evidence homicide detectives have ever seen.",
    "type": "movie"
}