{
    "id": "1199",
    "title": "Love & Other Drugs",
    "release_year": "2010",
    "genres": [
        "Drama",
        "Comedy",
        "Romance"
    ],
    "average_rating": 7.047,
    "description": "Maggie is an alluring free spirit who won't let anyone \u2013 or anything \u2013 tie her down. But she meets her match in Jamie, whose relentless and nearly infallible charm serves him well with the ladies and the cutthroat world of pharmaceutical sales. Maggie and Jamie's evolving relationship takes them both by surprise, as they find themselves under the influence of the ultimate drug: love.",
    "type": "movie"
}