{
    "id": "1201",
    "title": "Until Dawn",
    "release_year": "2025",
    "genres": [
        "Horror"
    ],
    "average_rating": 0.0,
    "description": "One year after her sister Melanie mysteriously disappeared, Clover and her friends head into the remote valley where she vanished in search of answers. Exploring an abandoned visitor center, they find themselves stalked by a masked killer and horrifically murdered one by one\u2026only to wake up and find themselves back at the beginning of the same evening.",
    "type": "movie"
}