{
    "id": "1203",
    "title": "Divergent",
    "release_year": "2014",
    "genres": [
        "Action",
        "Adventure",
        "Science Fiction"
    ],
    "average_rating": 6.913,
    "description": "In a world divided into factions based on personality types, Tris learns that she's been classified as Divergent and won't fit in. When she discovers a plot to destroy Divergents, Tris and the mysterious Four must find out what makes Divergents dangerous before it's too late.",
    "type": "movie"
}