{
    "id": "121",
    "title": "House of Darkness",
    "release_year": "2022",
    "genres": [
        "Horror",
        "Thriller",
        "Comedy",
        "Mystery"
    ],
    "average_rating": 5.09,
    "description": "Driving home to her secluded estate after meeting at a local bar, a player out to score thinks his beautiful, mysterious date will be another casual hook-up. While getting acquainted, their flirtation turns playful, sexy and sinister. Hoping to get lucky, his luck may have just run out.",
    "type": "movie"
}