{
    "id": "1210",
    "title": "Unfaithful",
    "release_year": "2002",
    "genres": [
        "Thriller",
        "Drama",
        "Romance"
    ],
    "average_rating": 6.7,
    "description": "Connie is a wife and mother whose 11-year marriage to Edward has lost its sexual spark. When Connie literally runs into handsome book collector Paul, he sweeps her into an all-consuming affair. But Edward soon becomes suspicious and decides to confront the other man.",
    "type": "movie"
}