{
    "id": "1212",
    "title": "Homestead",
    "release_year": "2024",
    "genres": [
        "Action",
        "Drama",
        "Thriller"
    ],
    "average_rating": 4.8,
    "description": "A nuclear bomb is detonated in Los Angeles, and the nation devolves into unprecedented chaos. Ex-Green Beret Jeff Eriksson and his family escape to The Homestead, an eccentric prepper\u2019s fortress nestled in the mountains. As violent threats and apocalyptic conditions creep toward their borders, the residents of The Homestead are left to wonder: how long can a group of people resist both the dangers of human nature and the bloodshed at their doorstep?",
    "type": "movie"
}