{
    "id": "1214",
    "title": "Irreversible",
    "release_year": "2002",
    "genres": [
        "Drama",
        "Thriller",
        "Crime"
    ],
    "average_rating": 7.2,
    "description": "A woman\u2019s lover and her ex-boyfriend take justice into their own hands after she becomes the victim of a rapist. Because some acts can\u2019t be undone. Because man is an animal. Because the desire for vengeance is a natural impulse. Because most crimes remain unpunished.",
    "type": "movie"
}