{
    "id": "1215",
    "title": "Justice League: Crisis on Infinite Earths Part Two",
    "release_year": "2024",
    "genres": [
        "Animation",
        "Science Fiction",
        "Action"
    ],
    "average_rating": 6.9,
    "description": "An endless army of shadow demons bent on the destruction of all reality swarms over our world and all parallel Earths! The only thing opposing them is the mightiest team of metahumans ever assembled. But not even the combined power of Superman, Batman, Wonder Woman, Green Lantern and all their fellow superheroes can slow down the onslaught of this invincible horde. What mysterious force is driving them? And how do the long-buried secrets of the Monitor and Supergirl threaten to crush our last defense?",
    "type": "movie"
}