{
    "id": "1219",
    "title": "Black Swan",
    "release_year": "2010",
    "genres": [
        "Drama",
        "Thriller",
        "Horror"
    ],
    "average_rating": 7.7,
    "description": "The story of Nina, a ballerina in a New York City ballet company whose life, like all those in her profession, is completely consumed with dance. She lives with her retired ballerina mother Erica who zealously supports her daughter's professional ambition. When artistic director Thomas Leroy decides to replace prima ballerina Beth MacIntyre for the opening production of their new season, Swan Lake, Nina is his first choice.",
    "type": "movie"
}