{
    "id": "1223",
    "title": "The Last Samurai",
    "release_year": "2003",
    "genres": [
        "Drama",
        "Action",
        "War"
    ],
    "average_rating": 7.59,
    "description": "Nathan Algren is an American hired to instruct the Japanese army in the ways of modern warfare, which finds him learning to respect the samurai and the honorable principles that rule them. Pressed to destroy the samurai's way of life in the name of modernization and open trade, Algren decides to become an ultimate warrior himself and to fight for their right to exist.",
    "type": "movie"
}