{
    "id": "1226",
    "title": "Die Hard",
    "release_year": "1988",
    "genres": [
        "Action",
        "Thriller"
    ],
    "average_rating": 7.8,
    "description": "NYPD cop John McClane's plan to reconcile with his estranged wife is thrown for a serious loop when, minutes after he arrives at her offices Christmas Party, the entire building is overtaken by a group of terrorists. With little help from the LAPD, wisecracking McClane sets out to single-handedly rescue the hostages and bring the bad guys down.",
    "type": "movie"
}