{
    "id": "1227",
    "title": "Mission: Impossible",
    "release_year": "1996",
    "genres": [
        "Adventure",
        "Action",
        "Thriller"
    ],
    "average_rating": 6.99,
    "description": "When Ethan Hunt, the leader of a crack espionage team whose perilous operation has gone awry with no explanation, discovers that a mole has penetrated the CIA, he's surprised to learn that he's the prime suspect. To clear his name, Hunt now must ferret out the real double agent and, in the process, even the score.",
    "type": "movie"
}