{
    "id": "123",
    "title": "Wrath of Man",
    "release_year": "2021",
    "genres": [
        "Crime",
        "Action",
        "Thriller"
    ],
    "average_rating": 7.631,
    "description": "A cold and mysterious new security guard for a Los Angeles cash truck company surprises his co-workers when he unleashes precision skills during a heist. The crew is left wondering who he is and where he came from. Soon, the marksman's ultimate motive becomes clear as he takes dramatic and irrevocable steps to settle a score.",
    "type": "movie"
}