{
    "id": "1231",
    "title": "Knight and Day",
    "release_year": "2010",
    "genres": [
        "Action",
        "Comedy"
    ],
    "average_rating": 6.22,
    "description": "A fugitive couple goes on a glamorous and sometimes deadly adventure where nothing and no one \u2013 even themselves \u2013 are what they seem. Amid shifting alliances and unexpected betrayals, they race across the globe, with their survival ultimately hinging on the battle of truth vs. trust.",
    "type": "movie"
}