{
    "id": "1232",
    "title": "The Help",
    "release_year": "2011",
    "genres": [
        "Drama"
    ],
    "average_rating": 8.2,
    "description": "Aibileen Clark is a middle-aged African-American maid who has spent her life raising white children and has recently lost her only son; Minny Jackson is an African-American maid who has often offended her employers despite her family's struggles with money and her desperate need for jobs; and Eugenia \"Skeeter\" Phelan is a young white woman who has recently moved back home after graduating college to find out her childhood maid has mysteriously disappeared. These three stories intertwine to explain how life in Jackson, Mississippi revolves around \"the help\"; yet they are always kept at a certain distance because of racial lines.",
    "type": "movie"
}