{
    "id": "1236",
    "title": "How to Lose a Guy in 10 Days",
    "release_year": "2003",
    "genres": [
        "Comedy",
        "Romance"
    ],
    "average_rating": 6.811,
    "description": "It's the battle of wills, as Andie needs to prove she can dump a guy in 10 days, whereas Ben needs to prove he can win a girl in 10 days. Now, the clock is ticking\u2014and the wildly entertaining comedy smash is off and running in this irresistible tale of sex, lies and outrageous romantic fireworks!",
    "type": "movie"
}