{
    "id": "1237",
    "title": "Fidelity",
    "release_year": "2019",
    "genres": [
        "Drama"
    ],
    "average_rating": 6.774,
    "description": "Lena is a talented midwife and gynaecologist, her husband Serezha is an actor at a provincial drama theatre. They are close and gentle with each other, but there is no sex. Lena suspects that Serezha has an affair, but she worries quietly and does not reveal her jealousy. Instead of sorting out her relationship with her husband, Lena starts to betray him with chance acquaintances. Gradually Lena\u2019s parallel life gets out of control and changes her original life.",
    "type": "movie"
}