{
    "id": "1242",
    "title": "Rise of the Planet of the Apes",
    "release_year": "2011",
    "genres": [
        "Thriller",
        "Action",
        "Drama",
        "Science Fiction"
    ],
    "average_rating": 7.33,
    "description": "A highly intelligent chimpanzee named Caesar has been living a peaceful suburban life ever since he was born. But when he gets taken to a cruel primate facility, Caesar decides to revolt against those who have harmed him.",
    "type": "movie"
}