{
    "id": "1243",
    "title": "Dragon Ball Z: Bardock - The Father of Goku",
    "release_year": "1990",
    "genres": [
        "Animation",
        "Action",
        "Science Fiction",
        "Drama",
        "Fantasy"
    ],
    "average_rating": 7.5,
    "description": "Bardock, Son Goku's father, is a low-ranking Saiyan soldier who was given the power to see into the future by the last remaining alien on a planet he just destroyed. He witnesses the destruction of his race and must now do his best to stop Frieza's impending massacre.",
    "type": "movie"
}