{
    "id": "1248",
    "title": "Ex Machina",
    "release_year": "2015",
    "genres": [
        "Drama",
        "Science Fiction"
    ],
    "average_rating": 7.571,
    "description": "Caleb, a coder at the world's largest internet company, wins a competition to spend a week at a private mountain retreat belonging to Nathan, the reclusive CEO of the company. But when Caleb arrives at the remote location he finds that he will have to participate in a strange and fascinating experiment in which he must interact with the world's first true artificial intelligence, housed in the body of a beautiful robot girl.",
    "type": "movie"
}