{
    "id": "1257",
    "title": "No Manches Frida 2: Paradise Lost",
    "release_year": "2019",
    "genres": [
        "Comedy"
    ],
    "average_rating": 7.944,
    "description": "When seemingly reformed ex-con Zequi is about to marry the love of his life, the lovably nerdy Lucy, wedding day jitters turn into a full-blown fiasco and Lucy calls it off. Meanwhile, the school finds itself in deep trouble and the gang heads to the water to compete in the tournament of their lives. Once they're all seaside, Lucy runs into her high school sweetheart Mario, coach of the opposing squad and Zequi finds himself a rival in more than one competition. Now he has to pull out all the stops to wrangle in his rowdy kids, win Lucy back, and in case that wasn't enough, save the school from shutting down by leading Frida High to victory.",
    "type": "movie"
}