{
    "id": "1259",
    "title": "I Saw the TV Glow",
    "release_year": "2024",
    "genres": [
        "Drama",
        "Horror"
    ],
    "average_rating": 6.1,
    "description": "Teenager Owen is just trying to make it through life in the suburbs when his classmate Maddy introduces him to a mysterious late-night TV show \u2014 a vision of a supernatural world beneath their own. In the pale glow of the television, Owen\u2019s view of reality begins to crack.",
    "type": "movie"
}