{
    "id": "127",
    "title": "Furiosa: A Mad Max Saga",
    "release_year": "2024",
    "genres": [
        "Action",
        "Science Fiction",
        "Adventure"
    ],
    "average_rating": 7.5,
    "description": "As the world falls, young Furiosa is snatched from the Green Place of Many Mothers into the hands of a great biker horde led by the warlord Dementus. Sweeping through the wasteland, they encounter the citadel presided over by Immortan Joe. The two tyrants wage war for dominance, and Furiosa must survive many trials as she puts together the means to find her way home.",
    "type": "movie"
}