{
    "id": "1278",
    "title": "Bolt",
    "release_year": "2008",
    "genres": [
        "Animation",
        "Family",
        "Adventure",
        "Comedy"
    ],
    "average_rating": 6.52,
    "description": "Bolt is the star of the biggest show in Hollywood. The only problem is, he thinks it's real. After he's accidentally shipped to New York City and separated from Penny, his beloved co-star and owner, Bolt must harness all his \"super powers\" to find a way home.",
    "type": "movie"
}