{
    "id": "1280",
    "title": "The Deliverance",
    "release_year": "2024",
    "genres": [
        "Horror",
        "Thriller"
    ],
    "average_rating": 6.1,
    "description": "Ebony Jackson, a struggling single mother fighting her personal demons, moves her family into a new home for a fresh start. But when strange occurrences inside the home raise the suspicions of Child Protective Services and threaten to tear the family apart, Ebony soon finds herself locked in a battle for her life and the souls of her children.",
    "type": "movie"
}