{
    "id": "1286",
    "title": "Ben-Hur",
    "release_year": "1959",
    "genres": [
        "History",
        "Drama",
        "Adventure",
        "Action"
    ],
    "average_rating": 7.9,
    "description": "In 25 AD, Judah Ben-Hur, a Jew in ancient Judea, opposes the occupying Roman empire.  Falsely accused by a Roman childhood friend-turned-overlord of trying to kill the Roman governor, he is put into slavery and his mother and sister are taken away as prisoners.",
    "type": "movie"
}