{
    "id": "1287",
    "title": "The Patriot",
    "release_year": "2000",
    "genres": [
        "Drama",
        "History",
        "War",
        "Action"
    ],
    "average_rating": 7.184,
    "description": "After proving himself on the field of battle in the French and Indian War, Benjamin Martin wants nothing more to do with such things, preferring the simple life of a farmer. But when his son Gabriel enlists in the army to defend their new nation, America, against the British, Benjamin reluctantly returns to his old life to protect his son.",
    "type": "movie"
}