{
    "id": "1288",
    "title": "After the Pandemic",
    "release_year": "2022",
    "genres": [
        "Science Fiction",
        "Action"
    ],
    "average_rating": 5.0,
    "description": "Set in a post-apocalyptic world where a global airborne pandemic has wiped out 90% of the Earth's population and only the young and immune have endured as scavengers. For Ellie and Quinn, the daily challenges to stay alive are compounded when they become hunted by the merciless Stalkers.",
    "type": "movie"
}