{
    "id": "1291",
    "title": "Tomorrowland",
    "release_year": "2015",
    "genres": [
        "Adventure",
        "Family",
        "Mystery",
        "Science Fiction"
    ],
    "average_rating": 6.3,
    "description": "Bound by a shared destiny, a bright, optimistic teen bursting with scientific curiosity and a former boy-genius inventor jaded by disillusionment embark on a danger-filled mission to unearth the secrets of an enigmatic place somewhere in time and space that exists in their collective memory as \"Tomorrowland.\"",
    "type": "movie"
}