{
    "id": "1293",
    "title": "Rambo III",
    "release_year": "1988",
    "genres": [
        "Action",
        "Adventure",
        "Thriller",
        "War"
    ],
    "average_rating": 6.2,
    "description": "Combat has taken its toll on Rambo, but he's finally begun to find inner peace in a monastery. When Rambo's friend and mentor Col. Trautman asks for his help on a top secret mission to Afghanistan, Rambo declines but must reconsider when Trautman is captured.",
    "type": "movie"
}