{
    "id": "1294",
    "title": "Knights of the Zodiac",
    "release_year": "2023",
    "genres": [
        "Fantasy",
        "Action",
        "Adventure"
    ],
    "average_rating": 6.377,
    "description": "When a headstrong street orphan, Seiya, in search of his abducted sister unwittingly taps into hidden powers, he discovers he might be the only person alive who can protect a reincarnated goddess, sent to watch over humanity. Can he let his past go and embrace his destiny to become a Knight of the Zodiac?",
    "type": "movie"
}