{
    "id": "1297",
    "title": "Chicken Run",
    "release_year": "2000",
    "genres": [
        "Animation",
        "Comedy",
        "Family"
    ],
    "average_rating": 6.824,
    "description": "The creators of Wallace & Gromit bring you an exciting and original story about a group of chickens determined to fly the coop\u2013even if they can\u2019t fly! It\u2019s hardly poultry in motion when Rocky attempts to teach Ginger and her feathered friends to fly\u2026but, with teamwork, determination and a little bit o\u2019 cluck, the fearless flock plots one last attempt in a spectacular bid for freedom.",
    "type": "movie"
}