{
    "id": "1299",
    "title": "P.O. Box Tinto Brass",
    "release_year": "1995",
    "genres": [
        "Comedy"
    ],
    "average_rating": 5.8,
    "description": "A successful erotic film producer from Rome regularly receives letters from female fans seeking his advice on how to spice up their sex lives. Thanks to his years of experience in both the film business and the sex industry, he has all sorts of tips at the ready and, in an emergency, is happy to make a house call himself to demonstrate his qualities in person.",
    "type": "movie"
}