{
    "id": "13",
    "title": "The Lord of the Rings: The War of the Rohirrim",
    "release_year": "2024",
    "genres": [
        "Animation",
        "Fantasy",
        "Action",
        "Adventure"
    ],
    "average_rating": 6.571,
    "description": "A sudden attack by Wulf, a clever and traitorous lord of Rohan seeking vengeance for the death of his father, forces Helm Hammerhand, the King of Rohan, and his people to make a daring last stand in the ancient stronghold of the Hornburg.",
    "type": "movie"
}