{
    "id": "130",
    "title": "Spider-Man: No Way Home",
    "release_year": "2021",
    "genres": [
        "Action",
        "Adventure",
        "Science Fiction"
    ],
    "average_rating": 7.952,
    "description": "Peter Parker is unmasked and no longer able to separate his normal life from the high-stakes of being a super-hero. When he asks for help from Doctor Strange the stakes become even more dangerous, forcing him to discover what it truly means to be Spider-Man.",
    "type": "movie"
}