{
    "id": "1300",
    "title": "The Hunger Games: Mockingjay - Part 2",
    "release_year": "2015",
    "genres": [
        "Action",
        "Adventure",
        "Science Fiction"
    ],
    "average_rating": 6.898,
    "description": "With the nation of Panem in a full scale war, Katniss confronts President Snow in the final showdown. Teamed with a group of her closest friends \u2013 including Gale, Finnick, and Peeta \u2013 Katniss goes off on a mission with the unit from District 13 as they risk their lives to stage an assassination attempt on President Snow who has become increasingly obsessed with destroying her. The mortal traps, enemies, and moral choices that await Katniss will challenge her more than any arena she faced in The Hunger Games.",
    "type": "movie"
}