{
    "id": "1302",
    "title": "Dragon Ball Super: Super Hero",
    "release_year": "2022",
    "genres": [
        "Animation",
        "Science Fiction",
        "Action"
    ],
    "average_rating": 7.895,
    "description": "The Red Ribbon Army, an evil organization that was once destroyed by Goku in the past, has been reformed by a group of people who have created new and mightier Androids, Gamma 1 and Gamma 2, and seek vengeance against Goku and his family.",
    "type": "movie"
}