{
    "id": "1303",
    "title": "300: Rise of an Empire",
    "release_year": "2014",
    "genres": [
        "Action",
        "Drama",
        "War"
    ],
    "average_rating": 6.116,
    "description": "Greek general Themistocles attempts to unite all of Greece by leading the charge that will change the course of the war. Themistocles faces the massive invading Persian forces led by mortal-turned-god, Xerxes and Artemesia, the vengeful commander of the Persian navy.",
    "type": "movie"
}