{
    "id": "1304",
    "title": "Sneakers",
    "release_year": "1992",
    "genres": [
        "Comedy",
        "Crime",
        "Drama"
    ],
    "average_rating": 6.9,
    "description": "When shadowy U.S. intelligence agents blackmail a reformed computer hacker and his eccentric team of security experts into stealing a code-breaking 'black box' from a Soviet-funded genius, they uncover a bigger conspiracy. Now, he and his 'sneakers' must save themselves and the world economy by retrieving the box from their blackmailers.",
    "type": "movie"
}