{
    "id": "1311",
    "title": "Naruto the Movie: Ninja Clash in the Land of Snow",
    "release_year": "2004",
    "genres": [
        "Comedy",
        "Action",
        "Animation",
        "Adventure"
    ],
    "average_rating": 7.197,
    "description": "Naruto is thrilled when he is sent on a mission to protect his favorite actress, Yukie Fujikaze, on the set of her new movie, The Adventures of Princess Gale. But when the crew ventures out to film in the icy, foreboding Land of Snow, Yukie mysteriously flees! Naruto and his squad set off to find her... unaware that three Snow Ninja lie in wait, with a sinister purpose that will force Yukie to face her hidden past!",
    "type": "movie"
}