{
    "id": "1314",
    "title": "The Last Kumite",
    "release_year": "2024",
    "genres": [
        "Action"
    ],
    "average_rating": 6.8,
    "description": "When Karate champion Michael Rivers wins the last tournament of his career, shady businessman Ron Hall offers him the opportunity to fight in an illegal Kumite in Bulgaria against the world\u2019s best martial artists.  When Michael declines, Hall has his daughter kidnapped and, in order to rescue her, Rivers is left with no choice but to compete in the deadly tournament. Arriving in Bulgaria, he finds out that he is not the only fighter whose loved one was taken. Rivers enlists the help of trainers Master Loren, and Julie Jackson but will it be enough for him to win the tournament and save his daughter\u2019s life?",
    "type": "movie"
}