{
    "id": "1315",
    "title": "Oblivion",
    "release_year": "2013",
    "genres": [
        "Action",
        "Science Fiction",
        "Adventure",
        "Mystery"
    ],
    "average_rating": 6.652,
    "description": "Jack Harper is one of the last few drone repairmen stationed on Earth. Part of a massive operation to extract vital resources after decades of war with a terrifying threat known as the Scavs, Jack\u2019s mission is nearly complete. His existence is brought crashing down when he rescues a beautiful  stranger from a downed spacecraft. Her arrival triggers a chain of events that  forces him to question everything he knows and puts the fate of humanity in his hands.",
    "type": "movie"
}