{
    "id": "1318",
    "title": "Resident Evil: Death Island",
    "release_year": "2023",
    "genres": [
        "Animation",
        "Action",
        "Horror"
    ],
    "average_rating": 7.4,
    "description": "In San Francisco, Jill Valentine is dealing with a zombie outbreak and a new T-Virus, Leon Kennedy is on the trail of a kidnapped DARPA scientist, and Claire Redfield is investigating a monstrous fish that is killing whales in the bay. Joined by Chris Redfield and Rebecca Chambers, they discover the trail of clues from their separate cases all converge on the same location, Alcatraz Island, where a new evil has taken residence and awaits their arrival.",
    "type": "movie"
}