{
    "id": "1319",
    "title": "G.I. Joe: The Rise of Cobra",
    "release_year": "2009",
    "genres": [
        "Adventure",
        "Action",
        "Thriller",
        "Science Fiction"
    ],
    "average_rating": 5.774,
    "description": "From the Egyptian desert to deep below the polar ice caps, the elite G.I. JOE team uses the latest in next-generation spy and military equipment to fight the corrupt arms dealer Destro and the growing threat of the mysterious Cobra organization to prevent them from plunging the world into chaos.",
    "type": "movie"
}