{
    "id": "1326",
    "title": "Captain Marvel",
    "release_year": "2019",
    "genres": [
        "Action",
        "Adventure",
        "Science Fiction"
    ],
    "average_rating": 6.8,
    "description": "The story follows Carol Danvers as she becomes one of the universe\u2019s most powerful heroes when Earth is caught in the middle of a galactic war between two alien races. Set in the 1990s, Captain Marvel is an all-new adventure from a previously unseen period in the history of the Marvel Cinematic Universe.",
    "type": "movie"
}