{
    "id": "1327",
    "title": "Legend",
    "release_year": "2015",
    "genres": [
        "Crime",
        "Thriller"
    ],
    "average_rating": 7.057,
    "description": "Suave, charming and volatile, Reggie Kray and his unstable twin brother Ronnie start to leave their mark on the London underworld in the 1960s. Using violence to get what they want, the siblings orchestrate robberies and murders while running nightclubs and protection rackets. With police Detective Leonard \"Nipper\" Read hot on their heels, the brothers continue their rapid rise to power and achieve tabloid notoriety.",
    "type": "movie"
}