{
    "id": "133",
    "title": "Project Silence",
    "release_year": "2024",
    "genres": [
        "Thriller",
        "Action",
        "Horror",
        "Science Fiction"
    ],
    "average_rating": 7.0,
    "description": "Due to sudden deteriorating weather conditions, visibility on the Airport Bridge is severely impaired, leaving people stranded and at risk of the bridge collapsing due to a series of chain collisions and explosions. Amidst the chaos, the canine subjects \"Echo\" from the military experiment \"Project Silence,\" who were being transported in secret, break free, and all human survivors become targets of relentless attacks.",
    "type": "movie"
}