{
    "id": "1330",
    "title": "Five Feet Apart",
    "release_year": "2019",
    "genres": [
        "Romance",
        "Drama"
    ],
    "average_rating": 8.2,
    "description": "Seventeen-year-old Stella spends most of her time in the hospital as a cystic fibrosis patient. Her life is full of routines, boundaries and self-control \u2014 all of which get put to the test when she meets Will, an impossibly charming teen who has the same illness. There's an instant flirtation, though restrictions dictate that they must maintain a safe distance between them. As their connection intensifies, so does the temptation to throw the rules out the window and embrace that attraction.",
    "type": "movie"
}