{
    "id": "1332",
    "title": "Skyfall",
    "release_year": "2012",
    "genres": [
        "Action",
        "Adventure",
        "Thriller"
    ],
    "average_rating": 7.247,
    "description": "When Bond's latest assignment goes gravely wrong, agents around the world are exposed and MI6 headquarters is attacked. While M faces challenges to her authority and position from Gareth Mallory, the new Chairman of the Intelligence and Security Committee, it's up to Bond, aided only by field agent Eve, to locate the mastermind behind the attack.",
    "type": "movie"
}