{
    "id": "1333",
    "title": "Texas Chainsaw 3D",
    "release_year": "2013",
    "genres": [
        "Horror",
        "Thriller"
    ],
    "average_rating": 5.5,
    "description": "A young woman learns that she has inherited a Texas estate from her deceased grandmother.\u00a0After embarking on a road trip with friends to uncover her roots, she finds she is the sole owner of a lavish, isolated Victorian mansion. But her newfound wealth comes at a price as she stumbles upon a horror that awaits her in the mansion\u2019s dank cellars.",
    "type": "movie"
}