{
    "id": "1334",
    "title": "The Day After Tomorrow",
    "release_year": "2004",
    "genres": [
        "Action",
        "Adventure",
        "Science Fiction",
        "Thriller"
    ],
    "average_rating": 6.538,
    "description": "After paleoclimatologist Jack Hall is largely ignored by UN officials when presenting his environmental concerns about the beginning of a new Ice Age, his research proves true when a superstorm develops, setting off catastrophic natural disasters throughout the world. Trying to get to his son, Sam, who is trapped in New York City with his friend Laura and others, Jack and his crew must travel to get to Sam before it's too late.",
    "type": "movie"
}