{
    "id": "1336",
    "title": "Highlander: The Search for Vengeance",
    "release_year": "2007",
    "genres": [
        "Action",
        "Animation",
        "Fantasy",
        "Science Fiction"
    ],
    "average_rating": 7.2,
    "description": "Colin MacLeod hunts for the man responsible for the death of his love. He chases the immortal Marcus Octavius across centuries as his quest threatens to take over his life and heart. In his quest, he meets a woman who reminds him of his slain beauty. But it's his final battle with Marcus that will decide not only his fate, but also the fate of everyone in the world.",
    "type": "movie"
}