{
    "id": "1343",
    "title": "Clash of the Titans",
    "release_year": "2010",
    "genres": [
        "Adventure",
        "Fantasy",
        "Action"
    ],
    "average_rating": 5.9,
    "description": "Born of a god but raised as a man, Perseus is helpless to save his family from Hades, vengeful god of the underworld. With nothing to lose, Perseus volunteers to lead a dangerous mission to defeat Hades before he can seize power from Zeus and unleash hell on earth. Battling unholy demons and fearsome beasts, Perseus and his warriors will only survive if Perseus accepts his power as a god, defies fate and creates his own destiny.",
    "type": "movie"
}