{
    "id": "1345",
    "title": "Casino Royale",
    "release_year": "2006",
    "genres": [
        "Adventure",
        "Action",
        "Thriller"
    ],
    "average_rating": 7.557,
    "description": "Le Chiffre, a banker to the world's terrorists, is scheduled to participate in a high-stakes poker game in Montenegro, where he intends to use his winnings to establish his financial grip on the terrorist market. M sends Bond\u2014on his maiden mission as a 00 Agent\u2014to attend this game and prevent Le Chiffre from winning. With the help of Vesper Lynd and Felix Leiter, Bond enters the most important poker game in his already dangerous career.",
    "type": "movie"
}