{
    "id": "1348",
    "title": "Baghead",
    "release_year": "2023",
    "genres": [
        "Horror"
    ],
    "average_rating": 6.543,
    "description": "Following the death of her estranged father, Iris learns she has inherited a run-down, centuries-old pub. She travels to Berlin to identify her father\u2019s body and meet with The Solicitor to discuss the estate. Little does she know, when the deed is signed she will become inextricably tied to an unspeakable entity that resides in the pub\u2019s basement \u2013 Baghead \u2013 a shape-shifting creature that can transform into the dead.",
    "type": "movie"
}