{
    "id": "1349",
    "title": "It's a Wonderful Life",
    "release_year": "1946",
    "genres": [
        "Drama",
        "Family",
        "Fantasy"
    ],
    "average_rating": 8.3,
    "description": "A holiday favourite for generations...  George Bailey has spent his entire life giving to the people of Bedford Falls.  All that prevents rich skinflint Mr. Potter from taking over the entire town is George's modest building and loan company.  But on Christmas Eve the business's $8,000 is lost and George's troubles begin.",
    "type": "movie"
}