{
    "id": "135",
    "title": "Venom",
    "release_year": "2018",
    "genres": [
        "Science Fiction",
        "Action"
    ],
    "average_rating": 6.831,
    "description": "Investigative journalist Eddie Brock attempts a comeback following a scandal, but accidentally becomes the host of Venom, a violent, super powerful alien symbiote. Soon, he must rely on his newfound powers to protect the world from a shadowy organization looking for a symbiote of their own.",
    "type": "movie"
}