{
    "id": "1356",
    "title": "Cinderella II: Dreams Come True",
    "release_year": "2002",
    "genres": [
        "Family",
        "Animation",
        "Romance",
        "Fantasy"
    ],
    "average_rating": 6.1,
    "description": "As a newly crowned princess, Cinderella quickly learns that life at the Palace - and her royal responsibilities - are more challenging than she had imagined. In three heartwarming tales, Cinderella calls on her animal friends and her Fairy Godmother to help as she brings her own grace and charm to her regal role and discovers that being true to yourself is the best way to make your dreams come true.",
    "type": "movie"
}