{
    "id": "1357",
    "title": "The Addams Family",
    "release_year": "1991",
    "genres": [
        "Comedy",
        "Fantasy"
    ],
    "average_rating": 7.051,
    "description": "When a man claiming to be long-lost Uncle Fester reappears after 25 years lost, the family plans a celebration to wake the dead. But the kids barely have time to warm up the electric chair before Morticia begins to suspect Fester is fraud when he can't recall any of the details of Fester's life.",
    "type": "movie"
}