{
    "id": "136",
    "title": "Fifty Shades of Grey",
    "release_year": "2015",
    "genres": [
        "Drama",
        "Romance",
        "Thriller"
    ],
    "average_rating": 5.882,
    "description": "When college senior Anastasia Steele steps in for her sick roommate to interview prominent businessman Christian Grey for their campus paper, little does she realize the path her life will take. Christian, as enigmatic as he is rich and powerful, finds himself strangely drawn to Ana, and she to him. Though sexually inexperienced, Ana plunges headlong into an affair -- and learns that Christian's true sexual proclivities push the boundaries of pain and pleasure.",
    "type": "movie"
}