{
    "id": "1364",
    "title": "Watchmen",
    "release_year": "2009",
    "genres": [
        "Mystery",
        "Action",
        "Science Fiction"
    ],
    "average_rating": 7.338,
    "description": "In a gritty and alternate 1985, the glory days of costumed vigilantes have been brought to a close by a government crackdown. But after one of the masked veterans is brutally murdered, an investigation into the killer is initiated. The reunited heroes set out to prevent their own destruction, but in doing so they uncover a sinister plot that puts all of humanity in grave danger.",
    "type": "movie"
}