{
    "id": "1365",
    "title": "Bad Boys II",
    "release_year": "2003",
    "genres": [
        "Action",
        "Crime",
        "Comedy"
    ],
    "average_rating": 6.648,
    "description": "Detectives Marcus Burnett and Mike Lowrey of the Miami Narcotics Task Force are tasked with stopping the flow of the drug Ecstasy into Miami. They track the drugs to the whacked-out Cuban drug lord Johnny Tapia, who is also involved in a bloody war with Russian and Haitian mobsters. If that isn't bad enough, there's tension between the two detectives when Marcus discovers that playboy Mike is secretly romancing Marcus\u2019 sister, Syd.",
    "type": "movie"
}