{
    "id": "1366",
    "title": "I Saw the Devil",
    "release_year": "2010",
    "genres": [
        "Thriller",
        "Horror"
    ],
    "average_rating": 7.8,
    "description": "Kyung-chul is a dangerous psychopath who kills for pleasure. Soo-hyeon, a top-secret agent, decides to track down the murderer himself. He promises himself that he will do everything in his power to take vengeance against the killer, even if it means that he must become a monster himself.",
    "type": "movie"
}