{
    "id": "1367",
    "title": "A Nightmare on Elm Street",
    "release_year": "1984",
    "genres": [
        "Horror"
    ],
    "average_rating": 7.3,
    "description": "Teenagers in a small town are dropping like flies, apparently in the grip of mass hysteria causing their suicides. A cop's daughter, Nancy Thompson, traces the cause to child molester Fred Krueger, who was burned alive by angry parents many years before. Krueger has now come back in the dreams of his killers' children, claiming their lives as his revenge. Nancy and her boyfriend, Glen, must devise a plan to lure the monster out of the realm of nightmares and into the real world...",
    "type": "movie"
}