{
    "id": "1369",
    "title": "The Witch. Revenge",
    "release_year": "2024",
    "genres": [
        "Horror",
        "Fantasy",
        "War",
        "Drama"
    ],
    "average_rating": 6.7,
    "description": "The tale unfolds around an ancient witch from the Ukrainian town of Konotop, who  long ago abandoned her extraordinary powers after falling in love with a mortal man. However, tragedy strikes when her beloved is brutally murdered by the russian soldiers as they occupy Konotop in February 2022. Fueled by grief and a thirst for revenge, she reclaims her supernatural abilities, embarking on a blood-soaked quest to mete out justice to her fianc\u00e9's killers.",
    "type": "movie"
}