{
    "id": "1371",
    "title": "Gravity",
    "release_year": "2013",
    "genres": [
        "Science Fiction",
        "Thriller",
        "Drama"
    ],
    "average_rating": 7.164,
    "description": "Dr. Ryan Stone, a brilliant medical engineer on her first Shuttle mission, with veteran astronaut Matt Kowalsky in command of his last flight before retiring. But on a seemingly routine spacewalk, disaster strikes. The Shuttle is destroyed, leaving Stone and Kowalsky completely alone-tethered to nothing but each other and spiraling out into the blackness of space. The deafening silence tells them they have lost any link to Earth and any chance for rescue. As fear turns to panic, every gulp of air eats away at what little oxygen is left. But the only way home may be to go further out into the terrifying expanse of space.",
    "type": "movie"
}