{
    "id": "1372",
    "title": "The Roundup",
    "release_year": "2022",
    "genres": [
        "Action",
        "Crime",
        "Comedy",
        "Thriller",
        "Drama"
    ],
    "average_rating": 7.2,
    "description": "The 'Beast Cop' Ma Seok-do heads to a foreign country to extradite a suspect, but soon after his arrival, he discovers additional murder cases and hears about a vicious killer who has been committing crimes against tourists for several years.",
    "type": "movie"
}