{
    "id": "1382",
    "title": "The Gentlemen",
    "release_year": "2020",
    "genres": [
        "Action",
        "Crime",
        "Comedy"
    ],
    "average_rating": 7.7,
    "description": "American expat Mickey Pearson has built a highly profitable marijuana empire in London. When word gets out that he\u2019s looking to cash out of the business forever it triggers plots, schemes, bribery and blackmail in an attempt to steal his domain out from under him.",
    "type": "movie"
}