{
    "id": "1385",
    "title": "Love, Rosie",
    "release_year": "2014",
    "genres": [
        "Romance",
        "Drama",
        "Comedy"
    ],
    "average_rating": 7.8,
    "description": "Since the moment they met at age 5, Rosie and Alex have been best friends, facing the highs and lows of growing up side by side. A fleeting shared moment, one missed opportunity, and the decisions that follow send their lives in completely different directions. As each navigates the complexities of life, love, and everything in between, they always find their way back to each other - but is it just friendship, or something more?",
    "type": "movie"
}