{
    "id": "1386",
    "title": "The Empire Strikes Back",
    "release_year": "1980",
    "genres": [
        "Adventure",
        "Action",
        "Science Fiction"
    ],
    "average_rating": 8.394,
    "description": "The epic saga continues as Luke Skywalker, in hopes of defeating the evil Galactic Empire, learns the ways of the Jedi from aging master Yoda. But Darth Vader is more determined than ever to capture Luke. Meanwhile, rebel leader Princess Leia, cocky Han Solo, Chewbacca, and droids C-3PO and R2-D2 are thrown into various stages of capture, betrayal and despair.",
    "type": "movie"
}