{
    "id": "1387",
    "title": "The Holdovers",
    "release_year": "2023",
    "genres": [
        "Comedy",
        "Drama"
    ],
    "average_rating": 7.695,
    "description": "A curmudgeonly instructor at a New England prep school is forced to remain on campus during Christmas break to babysit the handful of students with nowhere to go. Eventually, he forms an unlikely bond with one of them \u2014 a damaged, brainy troublemaker \u2014 and with the school\u2019s head cook, who has just lost a son in Vietnam.",
    "type": "movie"
}