{
    "id": "1388",
    "title": "Pacific Rim: Uprising",
    "release_year": "2018",
    "genres": [
        "Action",
        "Fantasy",
        "Science Fiction",
        "Adventure"
    ],
    "average_rating": 6.134,
    "description": "It has been ten years since The Battle of the Breach and the oceans are still, but restless. Vindicated by the victory at the Breach, the Jaeger program has evolved into the most powerful global defense force in human history. The PPDC now calls upon the best and brightest to rise up and become the next generation of heroes when the Kaiju threat returns.",
    "type": "movie"
}