{
    "id": "1391",
    "title": "Treasure Planet",
    "release_year": "2002",
    "genres": [
        "Adventure",
        "Animation",
        "Family",
        "Fantasy",
        "Science Fiction"
    ],
    "average_rating": 7.6,
    "description": "When space galleon cabin boy Jim Hawkins discovers a map to an intergalactic \"loot of a thousand worlds,\" a cyborg cook named John Silver teaches him to battle supernovas and space storms on their journey to find treasure.",
    "type": "movie"
}