{
    "id": "1394",
    "title": "Thanksgiving",
    "release_year": "2023",
    "genres": [
        "Horror",
        "Mystery",
        "Thriller"
    ],
    "average_rating": 6.5,
    "description": "After a Black Friday riot ends in tragedy, a mysterious Thanksgiving-inspired killer terrorizes Plymouth, Massachusetts - the birthplace of the holiday. Picking off residents one by one, what begins as random revenge killings are soon revealed to be part of a larger, sinister holiday plan.",
    "type": "movie"
}