{
    "id": "1404",
    "title": "Valerian and the City of a Thousand Planets",
    "release_year": "2017",
    "genres": [
        "Adventure",
        "Science Fiction",
        "Action"
    ],
    "average_rating": 6.629,
    "description": "In the 28th century, Valerian and Laureline are special operatives charged with keeping order throughout the human territories. On assignment from the Minister of Defense, the two undertake a mission to Alpha, an ever-expanding metropolis where species from across the universe have converged over centuries to share knowledge, intelligence, and cultures. At the center of Alpha is a mysterious dark force which threatens the peaceful existence of the City of a Thousand Planets, and Valerian and Laureline must race to identify the menace and safeguard not just Alpha, but the future of the universe.",
    "type": "movie"
}