{
    "id": "1408",
    "title": "The Call of the Wild",
    "release_year": "2020",
    "genres": [
        "Adventure",
        "Family",
        "Drama"
    ],
    "average_rating": 7.545,
    "description": "Buck is a big-hearted dog whose blissful domestic life is turned upside down when he is suddenly uprooted from his California home and transplanted to the exotic wilds of the Yukon during the Gold Rush of the 1890s. As the newest rookie on a mail delivery dog sled team\u2014and later its leader\u2014Buck experiences the adventure of a lifetime, ultimately finding his true place in the world and becoming his own master.",
    "type": "movie"
}