{
    "id": "1411",
    "title": "City of God",
    "release_year": "2002",
    "genres": [
        "Drama",
        "Crime"
    ],
    "average_rating": 8.425,
    "description": "In the poverty-stricken favelas of Rio de Janeiro in the 1970s, two young men choose different paths. Rocket is a budding photographer who documents the increasing drug-related violence of his neighborhood, while Jos\u00e9 \u201cZ\u00e9\u201d Pequeno is an ambitious drug dealer diving into a dangerous life of crime.",
    "type": "movie"
}