{
    "id": "1414",
    "title": "Hidden Figures",
    "release_year": "2016",
    "genres": [
        "Drama",
        "History"
    ],
    "average_rating": 8.058,
    "description": "The untold story of Katherine G. Johnson, Dorothy Vaughan and Mary Jackson \u2013 brilliant African-American women working at NASA and serving as the brains behind one of the greatest operations in history \u2013 the launch of astronaut John Glenn into orbit. The visionary trio crossed all gender and race lines to inspire generations to dream big.",
    "type": "movie"
}