{
    "id": "1418",
    "title": "Undisputed II: Last Man Standing",
    "release_year": "2006",
    "genres": [
        "Action",
        "Crime",
        "Thriller"
    ],
    "average_rating": 7.3,
    "description": "Heavyweight Champ George \"Iceman\" Chambers is sent to a Russian jail on trumped-up drug charges. In order to win his freedom he must fight against the jailhouse fighting champ Uri Boyka in a battle to the death. This time he is not fighting for a title, he is fighting for his life!",
    "type": "movie"
}