{
    "id": "1419",
    "title": "Rascal Does Not Dream of a Knapsack Kid",
    "release_year": "2023",
    "genres": [
        "Animation",
        "Drama",
        "Fantasy"
    ],
    "average_rating": 7.6,
    "description": "Finally, the day of Mai's high school graduation has arrived. While Sakuta eagerly waits for his girlfriend, an elementary schooler who looks exactly like her appears before him. Suspicious, and for all the wrong reasons... Meanwhile, Sakuta and Kaede's father suddenly calls, saying that their mother wants to see her daughter. She was hospitalized because Kaede's condition had been too much for her to bear, so what could she possibly want now?",
    "type": "movie"
}