{
    "id": "142",
    "title": "Cash Out",
    "release_year": "2024",
    "genres": [
        "Action",
        "Thriller"
    ],
    "average_rating": 6.3,
    "description": "Criminal mastermind Mason is about to execute the score of a lifetime when his lover and key member of his crew, Decker, takes the team down and reveals she\u2019s an undercover Interpol agent. Heartbroken, Mason escapes and retires from the life of crime until his younger brother Shawn is out of his league taking on a big bank heist all on his own. Mason has no choice left but to come to the rescue, while Interpol brings Decker in hoping to unnerve him. Before the SWAT teams storm the bank, Mason must use every tool in his arsenal to not only escape with the prize, but also the love of his life.",
    "type": "movie"
}