{
    "id": "1423",
    "title": "Sinister",
    "release_year": "2012",
    "genres": [
        "Horror",
        "Thriller",
        "Mystery"
    ],
    "average_rating": 6.9,
    "description": "True-crime writer Ellison Oswald is in a slump; he hasn't had a best seller in more than 10 years and is becoming increasingly desperate for a hit. So, when he discovers the existence of a snuff film showing the deaths of a family, he vows to solve the mystery. He moves his own family into the victims' home and gets to work. However, when old film footage and other clues hint at the presence of a supernatural force, Ellison learns that living in the house may be fatal.",
    "type": "movie"
}