{
    "id": "1424",
    "title": "50 First Dates",
    "release_year": "2004",
    "genres": [
        "Comedy",
        "Romance"
    ],
    "average_rating": 6.866,
    "description": "Henry is a player skilled at seducing women. But when this veterinarian meets Lucy, a girl with a quirky problem when it comes to total recall, he realizes it's possible to fall in love all over again\u2026and again, and again. That's because the delightful Lucy has no short-term memory, so Henry must woo her day after day until he finally sweeps her off her feet.",
    "type": "movie"
}