{
    "id": "1425",
    "title": "Matilda",
    "release_year": "1996",
    "genres": [
        "Comedy",
        "Family",
        "Fantasy"
    ],
    "average_rating": 7.164,
    "description": "Matilda Wormwood is an exquisite and intelligent little girl. Unfortunately, her parents, Harry and Zinnia misunderstand her because they think she is so different. As time passes, she finally starts school and has a kind teacher, loyal friends, and a sadistic headmistress. As she gets fed up with the constant cruelty, she begins to realize that she has a gift of telekinetic powers. After some days of practice, she suddenly turns the tables to stand up to Harry and Zinnia and outwit the headmistress.",
    "type": "movie"
}