{
    "id": "1426",
    "title": "Ferdinand",
    "release_year": "2017",
    "genres": [
        "Animation",
        "Family",
        "Adventure",
        "Comedy"
    ],
    "average_rating": 7.211,
    "description": "Ferdinand, a little bull, prefers sitting quietly under a cork tree just smelling the flowers versus jumping around, snorting, and butting heads with other bulls. As Ferdinand grows big and strong, his temperament remains mellow, but one day five men come to choose the \"biggest, fastest, roughest bull\" for the bullfights in Madrid and Ferdinand is mistakenly chosen.  Based on the classic 1936 children's book by Munro Leaf.",
    "type": "movie"
}