{
    "id": "1430",
    "title": "Along with the Gods: The Two Worlds",
    "release_year": "2017",
    "genres": [
        "Action",
        "Adventure",
        "Drama",
        "Fantasy",
        "Thriller"
    ],
    "average_rating": 8.1,
    "description": "Having died unexpectedly, firefighter Ja-hong is taken to the afterlife by 3 afterlife guardians. Only when he passes 7 trials over 49 days and proves he was innocent in human life, he\u2019s able to reincarnate, and his 3 afterlife guardians are by his side to defend him in trial.",
    "type": "movie"
}