{
    "id": "1432",
    "title": "HAIKYU!! The Dumpster Battle",
    "release_year": "2024",
    "genres": [
        "Animation",
        "Drama"
    ],
    "average_rating": 7.522,
    "description": "Shoyo Hinata joins Karasuno High's volleyball club to be like his idol, a former Karasuno player known as the 'Little Giant'. But Hinata soon learns that he must team up with his middle school nemesis, Tobio Kageyama. Their clashing styles form a surprising weapon, but can their newfound teamwork defeat their rival Nekoma High in the highly anticipated 'Dumpster Battle', the long awaited ultimate showdown between two opposing underdog teams?",
    "type": "movie"
}