{
    "id": "1441",
    "title": "The Human Centipede (First Sequence)",
    "release_year": "2009",
    "genres": [
        "Horror"
    ],
    "average_rating": 5.2,
    "description": "During a stopover in Germany in the middle of a carefree road trip through Europe, two American girls find themselves alone at night when their car breaks down in the woods. Searching for help at a nearby villa, they are wooed into the clutches of a deranged retired surgeon, who has a very disturbed vision.",
    "type": "movie"
}