{
    "id": "1442",
    "title": "Argylle",
    "release_year": "2024",
    "genres": [
        "Action",
        "Adventure",
        "Comedy"
    ],
    "average_rating": 6.081,
    "description": "When the plots of reclusive author Elly Conway's fictional espionage novels begin to mirror the covert actions of a real-life spy organization, quiet evenings at home become a thing of the past. Accompanied by her cat Alfie and Aiden, a cat-allergic spy, Elly races across the world to stay one step ahead of the killers as the line between Conway's fictional world and her real one begins to blur.",
    "type": "movie"
}