{
    "id": 10003,
    "title": "The Saint",
    "release_year": "1997",
    "genres": [
        "Thriller",
        "Action",
        "Romance",
        "Science Fiction",
        "Adventure"
    ],
    "average_rating": 6.1,
    "num_votes": 1120,
    "description": "Simon Templar (The Saint), is a thief for hire, whose latest job to steal the secret process for cold fusion puts him at odds with a traitor bent on toppling the Russian government, as well as the woman who holds its secret."
}