{
    "id": 1001274,
    "title": "Night Call",
    "release_year": "2024",
    "genres": [
        "Action",
        "Thriller"
    ],
    "average_rating": 6.932,
    "num_votes": 59,
    "description": "Mady, a student, works as a locksmith by night. He helps Claire get into her apartment and soon realizes that she lied to him about her identity and robbed something that belonged to a dangerous man, Yannick. Mady gets embroiled in a manhunt and will have one night to prove his innocence."
}