{
    "id": 10016,
    "title": "Ghosts of Mars",
    "release_year": "2001",
    "genres": [
        "Action",
        "Horror",
        "Science Fiction"
    ],
    "average_rating": 5.1,
    "num_votes": 1096,
    "description": "In 2176, a Martian police unit is sent to pick up a highly dangerous criminal at a remote mining post. Upon arrival, the cops find the post deserted and something far more dangerous than any criminal \u2014 the original inhabitants of Mars, hellbent on getting their planet back."
}