{
    "id": 10027,
    "title": "Unleashed",
    "release_year": "2005",
    "genres": [
        "Action",
        "Crime"
    ],
    "average_rating": 6.922,
    "num_votes": 1994,
    "description": "Raised as a slave, Danny is used to fighting for his survival. In fact, his \"master,\" Bart, thinks of him as a pet and goes as far as leashing him with a collar so they can make money in fight clubs, where Danny is the main contender. When Bart's crew is in a car accident, Danny escapes and meets a blind, kindhearted piano tuner who takes him in and uses music to free the fighter's long-buried heart."
}