{
    "id": 1003813,
    "title": "Out of the Blue",
    "release_year": "2022",
    "genres": [
        "Mystery",
        "Thriller",
        "Romance"
    ],
    "average_rating": 5.9,
    "num_votes": 104,
    "description": "After spending time in prison following an assault charge, Connor Bates now works in a library and spends his free time running, swimming, and trying to piece his world back together. When he meets Marilyn Chambers, the wife of a wealthy businessman, they collide into an intense physical and emotional relationship that quickly escalates into idle talk about her husband\u2019s murder."
}