{
    "id": 1003579,
    "title": "Batman: The Doom That Came to Gotham",
    "release_year": "2023",
    "genres": [
        "Animation",
        "Fantasy",
        "Action",
        "Mystery"
    ],
    "average_rating": 6.574,
    "num_votes": 210,
    "description": "Explorer Bruce Wayne accidentally unleashes an ancient evil, and returns to Gotham after being away for two decades. There, Batman battles Lovecraftian supernatural forces and encounters allies and enemies such as Green Arrow, Ra's al Ghul, Mr. Freeze, Killer Croc, Two-Face and James Gordon."
}