{
    "id": 1003580,
    "title": "Legion of Super-Heroes",
    "release_year": "2023",
    "genres": [
        "Animation",
        "Action",
        "Science Fiction"
    ],
    "average_rating": 6.455,
    "num_votes": 187,
    "description": "Kara, devastated by the loss of Krypton, struggles to adjust to her new life on Earth. Her cousin, Superman, mentors her and suggests she leave their space-time to attend the Legion Academy in the 31st century, where she makes new friends and a new enemy: Brainiac 5. Meanwhile, she must contend with a mysterious group called the Dark Circle as it searches for a powerful weapon held in the Academy\u2019s vault."
}