{
    "id": 1003581,
    "title": "Justice League: Warworld",
    "release_year": "2023",
    "genres": [
        "Animation",
        "Action",
        "Science Fiction",
        "Adventure"
    ],
    "average_rating": 7.0,
    "num_votes": 256,
    "description": "Until now, the Justice League has been a loose association of superpowered individuals. But when they are swept away to Warworld, a place of unending brutal gladiatorial combat, Batman, Superman, Wonder Woman and the others must somehow unite to form an unbeatable resistance able to lead an entire planet to freedom."
}