{
    "id": 1004255,
    "title": "Je ne suis pas un h\u00e9ros",
    "release_year": "2023",
    "genres": [
        "Comedy"
    ],
    "average_rating": 6.0,
    "num_votes": 53,
    "description": "Louis is a super nice guy. But in his lawyer's office, this is not a compliment. When his doctor wrongly diagnoses a serious disease, his colleagues behaviour changes : they care about him, they ask him questions and they listen his answers. Finally, Louis exists ! So, obviously, he hesitates over telling the truth."
}