{
    "id": 10047,
    "title": "The Messenger: The Story of Joan of Arc",
    "release_year": "1999",
    "genres": [
        "Adventure",
        "Drama",
        "Action",
        "History",
        "War"
    ],
    "average_rating": 6.382,
    "num_votes": 1451,
    "description": "In 1429, a French teenager stood before her King with a message she claimed came from God; that she would defeat the world's greatest army and liberate her country from its political and religious turmoil. As she reclaims God's diminished kingdom, this courageous young woman has various amazing victories until her violent and untimely death."
}