{
    "id": 10057,
    "title": "The Three Musketeers",
    "release_year": "1993",
    "genres": [
        "Action",
        "Adventure",
        "Comedy"
    ],
    "average_rating": 6.401,
    "num_votes": 963,
    "description": "D'Artagnan travels to Paris hoping to become a musketeer, one of the French king's elite bodyguards, only to discover that the corps has been disbanded by conniving Cardinal Richelieu, who secretly hopes to usurp the throne. Fortunately, Athos, Porthos and Aramis have refused to lay down their weapons and continue to protect their king. D'Artagnan joins with the rogues to expose Richelieu's plot against the crown."
}