{
    "id": 10054,
    "title": "Spy Kids",
    "release_year": "2001",
    "genres": [
        "Action",
        "Comedy",
        "Family",
        "Adventure"
    ],
    "average_rating": 5.8,
    "num_votes": 3449,
    "description": "Carmen and Juni think their parents are boring. Little do they know that in their day, Gregorio and Ingrid Cortez were the top secret agents from their respective countries. They gave up that life to raise their children. Now, the disappearances of several of their old colleagues forces the Cortez' return from retirement. What they didn't count on was Carmen and Juni joining the \"family business.\""
}