{
    "id": 1007427,
    "title": "Night Train",
    "release_year": "2023",
    "genres": [
        "Action",
        "Thriller",
        "Crime"
    ],
    "average_rating": 6.0,
    "num_votes": 39,
    "description": "Mother Holly McCord is driven to extremes to save the life of her young son. Even if it means hauling black market drugs in her souped-up truck, with the Feds in hot pursuit. With two bounties on her head and her son\u2019s life on the line, Holly climbs behind the wheel of \u201cNight Train,\u201d ready to outrun, out gun, and outlast them all."
}