{
    "id": 1007826,
    "title": "The Underdoggs",
    "release_year": "2024",
    "genres": [
        "Comedy"
    ],
    "average_rating": 7.1,
    "num_votes": 171,
    "description": "Jaycen 'Two Js' Jennings is a washed-up former pro football star who has hit rock bottom. When sentenced to community service coaching the Underdoggs, an unruly pee-wee football team in his hometown, he sees it mostly as an opportunity to rebuild his public image. But in the process, he may just turn his life around and rediscover his love of the game."
}