{
    "id": 1008437,
    "title": "Baby Shark's Big Movie",
    "release_year": "2024",
    "genres": [
        "Animation",
        "Family",
        "Adventure",
        "Comedy"
    ],
    "average_rating": 6.6,
    "num_votes": 37,
    "description": "Baby Shark is forced to leave the world he loves behind after his family\u2019s move to the big city, and must adjust to his new life without his best friend, William. When Baby Shark encounters an evil pop starfish named Stariana who plans to steal his gift of song in order to dominate all underwater music, he must break her spell to restore harmony to the seas."
}