{
    "id": 1010581,
    "title": "My Fault",
    "release_year": "2023",
    "genres": [
        "Romance",
        "Drama"
    ],
    "average_rating": 7.876,
    "num_votes": 3408,
    "description": "Noah must leave her city, boyfriend, and friends to move into William Leister's mansion, the flashy and wealthy husband of her mother Rafaela. As a proud and independent 17 year old, Noah resists living in a mansion surrounded by luxury. However, it is there where she meets Nick, her new stepbrother, and the clash of their strong personalities becomes evident from the very beginning."
}