{
    "id": 1011477,
    "title": "Karate Kid: Legends",
    "release_year": "2025",
    "genres": [
        "Action",
        "Drama",
        "Family"
    ],
    "average_rating": 0.0,
    "num_votes": 0,
    "description": "After a family tragedy, kung fu prodigy Li Fong is uprooted from his home in Beijing and forced to move to New York City with his mother. When a new friend needs his help, Li enters a karate competition \u2013 but his skills alone aren't enough. Li's kung fu teacher Mr. Han enlists original Karate Kid Daniel LaRusso for help, and Li learns a new way to fight, merging their two styles into one for the ultimate martial arts showdown."
}