{
    "id": 10122,
    "title": "Flight of the Navigator",
    "release_year": "1986",
    "genres": [
        "Family",
        "Science Fiction",
        "Adventure"
    ],
    "average_rating": 6.946,
    "num_votes": 843,
    "description": "12-year-old David is accidentally knocked out in the forest near his home, but when he awakens eight years have passed. His family is overjoyed to have him back, but is just as perplexed as he is that he hasn't aged. When a NASA scientist discovers a UFO nearby, David gets the chance to unravel the mystery and recover the life he lost."
}