{
    "id": 10138,
    "title": "Iron Man 2",
    "release_year": "2010",
    "genres": [
        "Adventure",
        "Action",
        "Science Fiction"
    ],
    "average_rating": 6.845,
    "num_votes": 21110,
    "description": "With the world now aware of his dual life as the armored superhero Iron Man, billionaire inventor Tony Stark faces pressure from the government, the press and the public to share his technology with the military. Unwilling to let go of his invention, Stark, with Pepper Potts and James 'Rhodey' Rhodes at his side, must forge new alliances \u2013 and confront powerful enemies."
}