{
    "id": 10135,
    "title": "Road House",
    "release_year": "1989",
    "genres": [
        "Action",
        "Thriller"
    ],
    "average_rating": 6.739,
    "num_votes": 1304,
    "description": "The Double Deuce is the meanest, loudest and rowdiest bar south of the Mason-Dixon Line, and Dalton has been hired to clean it up. He might not look like much, but the Ph.D.-educated bouncer proves he's more than capable \u2013 busting the heads of troublemakers and turning the roadhouse into a jumping hot spot. But Dalton's romance with the gorgeous Dr. Clay puts him on the bad side of cutthroat local big shot Brad Wesley."
}