{
    "id": 10144,
    "title": "The Little Mermaid",
    "release_year": "1989",
    "genres": [
        "Animation",
        "Family",
        "Fantasy"
    ],
    "average_rating": 7.3,
    "num_votes": 7924,
    "description": "This colorful adventure tells the story of an impetuous mermaid princess named Ariel who falls in love with the very human Prince Eric and puts everything on the line for the chance to be with him. Memorable songs and characters -- including the villainous sea witch Ursula."
}