{
    "id": 1014214,
    "title": "Singham Again",
    "release_year": "2024",
    "genres": [
        "Action",
        "Drama",
        "Thriller",
        "Crime"
    ],
    "average_rating": 4.4,
    "num_votes": 17,
    "description": "The cop universe expands with newer additions while the old ones return led by Bajirao Singham. Singham Again interweaves the mythological epic Ramayana's good vs evil narrative when his wife Avni Kamath gets abducted by Danger Lanka setting Bajirao and his gang of Sangram Bhalerao and Veer Sooryavanshi along with Satya and Shakti Shetty on a mission to rescue her."
}