{
    "id": 10153,
    "title": "Sphere",
    "release_year": "1998",
    "genres": [
        "Science Fiction",
        "Mystery",
        "Thriller",
        "Horror"
    ],
    "average_rating": 6.1,
    "num_votes": 1637,
    "description": "A spacecraft is discovered on the floor of the Pacific Ocean, presumed to be at least 300 years old and of alien origin. A crack team of scientists and experts is assembled and taken to the Habitat, a state-of-the-art underwater living environment, to investigate."
}