{
    "id": 1015303,
    "title": "Elevator Game",
    "release_year": "2023",
    "genres": [
        "Horror"
    ],
    "average_rating": 4.8,
    "num_votes": 138,
    "description": "Socially awkward teenager Ryan discovers that the night his sister disappeared, she had played 'The Elevator Game' \u2014 a ritual conducted in an elevator in which players attempt to travel to another dimension using a set of rules found online. Ignoring warnings, he resolves to follow and find her."
}