{
    "id": 1015606,
    "title": "Obi-Wan Kenobi: A Jedi's Return",
    "release_year": "2022",
    "genres": [
        "Documentary"
    ],
    "average_rating": 6.8,
    "num_votes": 986,
    "description": "This special explores the return of Obi-Wan Kenobi and Anakin Skywalker to the screen, as well as Ewan McGregor and Hayden Christensen to their classic roles. Director Deborah Chow leads the cast and crew as they create new heroes and villains that live alongside new incarnations of beloved Star Wars characters, and an epic story that dramatically bridges the saga films."
}