{
    "id": 1015724,
    "title": "Trick or Treat Scooby-Doo!",
    "release_year": "2022",
    "genres": [
        "Adventure",
        "Mystery",
        "Comedy",
        "Animation",
        "Family"
    ],
    "average_rating": 7.0,
    "num_votes": 190,
    "description": "Mystery Inc. has cracked the case to top all cases! They\u2019ve tracked down Coco Diablo, the head of a notorious costume crime syndicate. With Coco and her kitty in prison, Mystery Inc. thinks that they can finally enjoy a break. Wrong! Suddenly, menacing doppelg\u00e4nger ghosts of the Scooby crew and favorite classic foes show up in Coolsville to threaten Halloween. Now it\u2019s up to the meddling kids to unmask the latest scoundrel and save Halloween!"
}