{
    "id": 1016767,
    "title": "Bittersweet Rain",
    "release_year": "2023",
    "genres": [
        "Drama"
    ],
    "average_rating": 7.5,
    "num_votes": 2,
    "description": "As if adolescence is not hard enough, a young, fatherless teenager living in a small town in the Brazilian heartland, confronts a degenerative eye disease that will ultimately leave him blind. As his vision deteriorates, he goes through the pain and confusion of his unreciprocated first love, and ultimately will have to learn first-hand how to see life with different eyes."
}