{
    "id": 10173,
    "title": "Marked for Death",
    "release_year": "1990",
    "genres": [
        "Action",
        "Crime"
    ],
    "average_rating": 6.096,
    "num_votes": 528,
    "description": "Just retired from the Drug Enforcement Agency, John Hatcher returns to his hometown and quickly discovers that drugs have infiltrated his old neighborhood. Determined to drive the dealers out, Hatcher crosses paths with a ferocious Jamaican drug lord who vows that Hatcher and his family are now marked for death."
}