{
    "id": 1017066,
    "title": "Heaven in Hell",
    "release_year": "2023",
    "genres": [
        "Drama",
        "Romance"
    ],
    "average_rating": 6.8,
    "num_votes": 79,
    "description": "Olga and Maks are 15 years away. She is a successful woman with an established position, the mother of an adult daughter, he is a handsome young man who enjoys his life in a handful and lives only in the moment. It might seem that these two different worlds will never meet, and yet fate put them in the way."
}