{
    "id": 1018403,
    "title": "Tom and Jerry: Snowman's Land",
    "release_year": "2022",
    "genres": [
        "Family",
        "Comedy",
        "Animation",
        "Adventure"
    ],
    "average_rating": 6.729,
    "num_votes": 48,
    "description": "It\u2019s time to chase that holiday spirit with Tom and Jerry! With magic in the air, Jerry and his nephew, Tuffy, make a snow mouse that miraculously comes to life! To keep their new friend, Larry the snow mouse from melting, Tuffy and Jerry must race him to the fabled Snowman\u2019s Village. In hot pursuit, Tom and devious Dr. Doublevay have their own plans for Larry\u2019s magic."
}