{
    "id": 1018,
    "title": "Mulholland Drive",
    "release_year": "2001",
    "genres": [
        "Thriller",
        "Drama",
        "Mystery"
    ],
    "average_rating": 7.81,
    "num_votes": 6264,
    "description": "Blonde Betty Elms has only just arrived in Hollywood to become a movie star when she meets an enigmatic brunette with amnesia. Meanwhile, as the two set off to solve the second woman's identity, filmmaker Adam Kesher runs into ominous trouble while casting his latest project."
}