{
    "id": 1018494,
    "title": "Operation Seawolf",
    "release_year": "2022",
    "genres": [
        "War",
        "Thriller",
        "Action",
        "Adventure"
    ],
    "average_rating": 5.8,
    "num_votes": 107,
    "description": "During the last days of World War II, Germany, desperate for any last grasp to defeat the allied powers, looked to their last remaining weapons and soldiers. The German Navy and the last remaining U-Boats were formed together for one desperate last mission \u2013 a mission to attack the United States Homeland, known as Operation Seawolf. Captain Hans Kessler, a grizzled submarine commander from both World Wars, is called into service to make one mission a success and help turn the tide of the war."
}