{
    "id": 10191,
    "title": "How to Train Your Dragon",
    "release_year": "2010",
    "genres": [
        "Fantasy",
        "Adventure",
        "Animation",
        "Family"
    ],
    "average_rating": 7.833,
    "num_votes": 13138,
    "description": "As the son of a Viking leader on the cusp of manhood, shy Hiccup Horrendous Haddock III faces a rite of passage: he must kill a dragon to prove his warrior mettle. But after downing a feared dragon, he realizes that he no longer wants to destroy it, and instead befriends the beast \u2013 which he names Toothless \u2013 much to the chagrin of his warrior father."
}