{
    "id": 10202,
    "title": "Bedtime Stories",
    "release_year": "2008",
    "genres": [
        "Fantasy",
        "Comedy",
        "Family",
        "Romance"
    ],
    "average_rating": 6.148,
    "num_votes": 2826,
    "description": "Skeeter Bronson is a down-on-his-luck guy who's always telling bedtime stories to his niece and nephew. But his life is turned upside down when the fantastical stories he makes up for entertainment inexplicably turn into reality. Can a bewildered Skeeter manage his own unruly fantasies now that the outrageous characters and situations from his mind have morphed into actual people and events?"
}