{
    "id": 1021582,
    "title": "Caf\u00e9 Midnight",
    "release_year": "2022",
    "genres": [
        "Fantasy"
    ],
    "average_rating": 6.5,
    "num_votes": 4,
    "description": "Yoon, the bride-to-be, waits for her groom Tae-young on the wedding day but he doesn\u2019t show up without a word. Out of concern and rage, Yoon goes out looking for him all day long and in the dead of night, she arrives at a strange place called \u2018Caf\u00e9 Midnight\u2019, which opens from midnight until the sun rises. In here, Yoon finally finds Tae-young but something doesn\u2019t seem right. He looks few years younger than now and he doesn\u2019t even recognize her. Will she be able to find her groom from the present in this chaos?"
}