{
    "id": 10223,
    "title": "A Simple Plan",
    "release_year": "1998",
    "genres": [
        "Crime",
        "Drama",
        "Thriller"
    ],
    "average_rating": 7.189,
    "num_votes": 933,
    "description": "Captivated by the lure of sudden wealth, the quiet rural lives of two brothers erupt into conflicts of greed, paranoia and distrust when over $4 million in cash is discovered at the remote site of a downed small airplane. Their simple plan to retain the money while avoiding detection opens a Pandora's box when the fear of getting caught triggers panicked behavior and leads to virulent consequences."
}