{
    "id": 10222,
    "title": "Kickboxer",
    "release_year": "1989",
    "genres": [
        "Action",
        "Thriller",
        "Drama"
    ],
    "average_rating": 6.813,
    "num_votes": 1419,
    "description": "If your enemy refuses to be humbled... Destroy him. Accompanied by his brother Kurt, American kickboxing champion Eric Sloane, arrives in Thailand to defeat the Eastern warriors at their own sport. His opponent: ruthless fighter and Thai champion, Tong Po. Tong not only defeats Eric, he paralyzes him for life. Crazed with anger, Kurt vows revenge."
}