{
    "id": 1022690,
    "title": "Ricky Stanicky",
    "release_year": "2024",
    "genres": [
        "Comedy"
    ],
    "average_rating": 6.504,
    "num_votes": 612,
    "description": "When three childhood best friends pull a prank gone wrong, they invent the imaginary Ricky Stanicky to get them out of trouble. Twenty years later, the trio still uses the nonexistent Ricky as a handy alibi for their immature behavior. But when their spouses and partners get suspicious and demand to finally meet the fabled Mr. Stanicky, the guilty trio decide to hire a washed-up actor and raunchy celebrity impersonator to bring him to life."
}