{
    "id": 102382,
    "title": "The Amazing Spider-Man 2",
    "release_year": "2014",
    "genres": [
        "Action",
        "Adventure",
        "Science Fiction"
    ],
    "average_rating": 6.5,
    "num_votes": 13323,
    "description": "For Peter Parker, life is busy. Between taking out the bad guys as Spider-Man and spending time with the person he loves, Gwen Stacy, high school graduation cannot come quickly enough. Peter has not forgotten about the promise he made to Gwen\u2019s father to protect her by staying away, but that is a promise he cannot keep. Things will change for Peter when a new villain, Electro, emerges, an old friend, Harry Osborn, returns, and Peter uncovers new clues about his past."
}