{
    "id": 1023915,
    "title": "2073",
    "release_year": "2024",
    "genres": [
        "Thriller",
        "Documentary",
        "Science Fiction"
    ],
    "average_rating": 7.205,
    "num_votes": 22,
    "description": "Inspired by Chris Marker's iconic 1962 featurette La Jet\u00e9e; the year is 2073\u2014a not-so-distant dystopian future\u2014and the setting is New San Francisco, the scorched-earth tech-dominant police state where democracy and personal freedom have been well and truly obliterated."
}