{
    "id": 1024592,
    "title": "God's Not Dead: In God We Trust",
    "release_year": "2024",
    "genres": [
        "Drama"
    ],
    "average_rating": 4.3,
    "num_votes": 12,
    "description": "In a time of profound political, civil, and spiritual turmoil, Reverend David Hill grapples with the crucial question: Does God still have a place in politics? Compelled to enter a congressional race after the sudden death of a favored incumbent, David faces off against state senator Peter Kane, a formidable opponent determined to push religion out of the public square and cause greater divide."
}