{
    "id": 1024546,
    "title": "Detective Knight: Rogue",
    "release_year": "2022",
    "genres": [
        "Action",
        "Crime",
        "Thriller"
    ],
    "average_rating": 6.167,
    "num_votes": 156,
    "description": "As Los Angeles prepares for Halloween, mask-wearing armed robbers critically wound detective James Knight\u2019s partner in a shootout following a heist. With Knight in hot pursuit, the bandits flee L.A. for New York, where the detective\u2019s dark past collides with his present case and threatens to tear his world apart\u2026unless redemption can claim Knight first."
}