{
    "id": 10243,
    "title": "The Flight of the Phoenix",
    "release_year": "1965",
    "genres": [
        "Adventure",
        "Drama"
    ],
    "average_rating": 7.2,
    "num_votes": 320,
    "description": "A cargo aircraft crashes in a sandstorm in the Sahara with less than a dozen men on board. One of the passengers is an airplane designer who comes up with the idea of ripping off the undamaged wing and using it as the basis for a replacement aircraft they need to build before their food and water run out."
}