{
    "id": 1024452,
    "title": "French Girl",
    "release_year": "2024",
    "genres": [
        "Romance",
        "Comedy"
    ],
    "average_rating": 6.5,
    "num_votes": 64,
    "description": "Sweet Gordon, an affable English teacher in Brooklyn, has beaten the odds; a French Girl has fallen in love with him and he\u2019s fallen even harder back. But their future is thrown into limbo when she interviews for an executive chef position in her hometown of Quebec City. To Gordon\u2019s dismay her future boss also happens to be her former lover, a celebrity Chef with oceanic eyes and a hit TV show. Good luck Gordon."
}