{
    "id": 10258,
    "title": "The Madagascar Penguins in a Christmas Caper",
    "release_year": "2005",
    "genres": [
        "Animation",
        "Comedy",
        "Family"
    ],
    "average_rating": 6.8,
    "num_votes": 367,
    "description": "During the holiday season, when the animals of the Central Park Zoo are preparing for Christmas, Private, the youngest of the penguins notices that the Polar Bear is all alone. Assured that nobody should have to spend Christmas alone, Private goes into the city for some last-minute Christmas shopping. Along the way, he gets stuffed into a stocking"
}