{
    "id": 1025491,
    "title": "Freud's Last Session",
    "release_year": "2023",
    "genres": [
        "Drama"
    ],
    "average_rating": 6.6,
    "num_votes": 103,
    "description": "On the eve of the Second World War, two of the greatest minds of the twentieth century, C.S. Lewis and Sigmund Freud converge for their own personal battle over the existence of God. The film interweaves the lives of Freud and Lewis, past, present, and through fantasy, bursting from the confines of Freud\u2019s study on a dynamic journey."
}