{
    "id": 1025596,
    "title": "Blood for Dust",
    "release_year": "2024",
    "genres": [
        "Action",
        "Crime",
        "Thriller"
    ],
    "average_rating": 5.8,
    "num_votes": 55,
    "description": "Reckless Ricky makes serious money dealing illegal weapons throughout the tri-state area and loves to flaunt it. Traveling salesman Cliff, covers the same territory Ricky runs guns through. Desperate to find some financial relief for his struggling family, Cliff agrees to partner with Ricky, to commit cross-state drug and gun deliveries for a mid-level American cartel boss John. When a simple exchange turns into a bloodbath after Ricky kills everyone in a territory grab, the pair find themselves in a pressure cooker situation where unlikely drug dealer Cliff must fight as hard as he can to stay alive."
}