{
    "id": 1026999,
    "title": "Kleks Academy",
    "release_year": "2024",
    "genres": [
        "Fantasy",
        "Adventure",
        "Family"
    ],
    "average_rating": 6.218,
    "num_votes": 154,
    "description": "A seemingly ordinary girl finds her way into the eponymous Academy to explore the world of fairy tales, imagination and creativity. With the help of a crazy, talented teacher, she develops her unique abilities and also stumbles upon a clue that will help her unravel the biggest secret of the family..."
}