{
    "id": 1026880,
    "title": "Irena's Vow",
    "release_year": "2024",
    "genres": [
        "War",
        "Drama"
    ],
    "average_rating": 7.5,
    "num_votes": 54,
    "description": "19 year old Irena Gut is promoted to housekeeper in the home of a highly respected Nazi officer in Poland when she finds out that the Jewish ghetto is about to be liquidated. Determined to help twelve Jewish workers, she decides to shelter them in the safest place she can think of \u2013 the basement of the German Major's house. Over the next eight months, Irena uses her wit, humour and immense courage to hide her friends as long as possible."
}