{
    "id": 10276,
    "title": "What About Bob?",
    "release_year": "1991",
    "genres": [
        "Comedy"
    ],
    "average_rating": 6.86,
    "num_votes": 819,
    "description": "Before going on vacation, self-involved psychiatrist Dr. Leo Marvin has the misfortune of taking on a new patient: Bob Wiley. An exemplar of neediness and a compendium of phobias, Bob follows Marvin to his family's country house. Dr. Marvin tries to get him to leave; the trouble is, everyone loves Bob. As his oblivious patient makes himself at home, Dr. Marvin loses his professional composure and, before long, may be ready for the loony bin himself."
}