{
    "id": 1027009,
    "title": "Kleks i wynalazek Filipa Golarza",
    "release_year": "2025",
    "genres": [
        "Fantasy",
        "Family",
        "Adventure",
        "Science Fiction"
    ],
    "average_rating": 4.5,
    "num_votes": 1,
    "description": "Part two of \"Kleks Academy\" reimagining, which is a modernized version of the classic fairy tale by Brzechwa, speaking with its content and form to the youngest, but also entering into a dialogue with older viewers who still remember the cult adaptation from the 1980s. The film tells the story of a seemingly ordinary girl - Ada Niezg\u00f3dka - who hits to the eponymous Academy to get to know the world of fairy tales, imagination and creativity. With the help of the outstanding and crazy educator, Professor Ambro\u017cy Kleks, she develops her amazing skills, and also comes across a trail that will help her unravel the greatest family secret ..."
}