{
    "id": 102899,
    "title": "Ant-Man",
    "release_year": "2015",
    "genres": [
        "Science Fiction",
        "Action",
        "Adventure"
    ],
    "average_rating": 7.1,
    "num_votes": 19826,
    "description": "Armed with the astonishing ability to shrink in scale but increase in strength, master thief Scott Lang must embrace his inner-hero and help his mentor, Doctor Hank Pym, protect the secret behind his spectacular Ant-Man suit from a new generation of towering threats. Against seemingly insurmountable obstacles, Pym and Lang must plan and pull off a heist that will save the world."
}