{
    "id": 1029955,
    "title": "Kinds of Kindness",
    "release_year": "2024",
    "genres": [
        "Drama",
        "Comedy"
    ],
    "average_rating": 6.6,
    "num_votes": 882,
    "description": "A triptych fable following a man without choice who tries to take control of his own life; a policeman who is alarmed that his wife who was missing-at-sea has returned and seems a different person; and a woman determined to find a specific someone with a special ability, who is destined to become a prodigious spiritual leader."
}