{
    "id": 1030598,
    "title": "In Bed",
    "release_year": "2022",
    "genres": [
        "Drama",
        "Thriller"
    ],
    "average_rating": 5.5,
    "num_votes": 4,
    "description": "28-year-old Guy and his best friend, Joy, are enjoying the gay pride parade to the fullest when their bliss is abruptly put to an end by a deadly shooting that occurs during the event. Fleeing the scene into the safety of Guy\u2019s home, they take along a fellow pride goer, Dan, who seems to be in shock. With the shooter still on the run, Guy and Dan fall into a night full of sex, drugs and paranoia."
}