{
    "id": 1032425,
    "title": "The Dead Don't Hurt",
    "release_year": "2024",
    "genres": [
        "Western",
        "Drama",
        "Romance"
    ],
    "average_rating": 6.4,
    "num_votes": 129,
    "description": "In the 1860s, fiercely independent French-Canadian Vivienne Le Coudy embarks on a journey with Danish immigrant Holger Olsen, attempting to forge a life together in the dusty town of Elk Flats, Nevada. When Holger decides to go fight for the Union in the burgeoning Civil War, Vivienne must fend for herself, which isn't easy in a town controlled by a corrupt mayor."
}