{
    "id": 1032194,
    "title": "The Blind",
    "release_year": "2023",
    "genres": [
        "Drama"
    ],
    "average_rating": 6.9,
    "num_votes": 26,
    "description": "Long before Duck Dynasty's Phil Robertson became a reality TV star, he fell in love with Miss Kay and started a family, but his demons threatened to tear their lives apart. Set in the backwoods swamps of 1960s Louisiana, 'The Blind' shares never-before-revealed moments in Phil's life as he seeks to conquer the shame of his past, ultimately finding redemption in an unlikely place. This stunning cinematic journey chronicles the love story that launched a dynasty, the turmoil that nearly brought it crashing down, and the hope that rose from the ashes to create a foundation for generations to come."
}