{
    "id": 1032950,
    "title": "Hellhole",
    "release_year": "2022",
    "genres": [
        "Horror",
        "Mystery"
    ],
    "average_rating": 6.2,
    "num_votes": 314,
    "description": "In a monastery cut off from the world, the monks run a clinic for the possessed. One day, a young policeman Marek comes to the convent. Posing as a clergyman, he penetrates monastic life and tries to explain the recent, mysterious disappearance of several tormented inmates. It turns out, however, that there is no way out of the monastery."
}