{
    "id": 10336,
    "title": "Spawn",
    "release_year": "1997",
    "genres": [
        "Action",
        "Adventure",
        "Fantasy",
        "Horror",
        "Science Fiction",
        "Thriller"
    ],
    "average_rating": 5.4,
    "num_votes": 1357,
    "description": "After being murdered by corrupt colleagues in a covert government agency, Al Simmons makes a pact with the devil to be resurrected to see his beloved wife Wanda. In exchange for his return to Earth, Simmons agrees to lead Hell's Army in the destruction of mankind."
}