{
    "id": 103332,
    "title": "Ruby Sparks",
    "release_year": "2012",
    "genres": [
        "Comedy",
        "Romance",
        "Fantasy",
        "Drama"
    ],
    "average_rating": 7.117,
    "num_votes": 1639,
    "description": "Calvin is a young novelist who achieved phenomenal success early in his career but is now struggling with his writing \u2013 as well as his romantic life. Finally, he makes a breakthrough and creates a character named Ruby who inspires him. When Calvin finds Ruby, in the flesh, sitting on his couch about a week later, he is completely flabbergasted that his words have turned into a living, breathing person."
}