{
    "id": 1033774,
    "title": "Wish of the Fairy Fish",
    "release_year": "2023",
    "genres": [
        "Fantasy",
        "Adventure",
        "Family"
    ],
    "average_rating": 8.02,
    "num_votes": 25,
    "description": "If you go fishing, be prepared to draw the fish of your dreams, the magical Pike, which can grant any three wishes. Only Emelya let two wishes down the drain, and decided to save the third. Therefore, in order to achieve the hand of the royal daughter Anfisa, he will have to act without magical power, on his own. And Pike will help him, who without her skin will appear as an ordinary girl Vasilisa."
}