{
    "id": 1034541,
    "title": "Terrifier 3",
    "release_year": "2024",
    "genres": [
        "Horror",
        "Thriller"
    ],
    "average_rating": 6.9,
    "num_votes": 1394,
    "description": "Five years after surviving Art the Clown's Halloween massacre, Sienna and Jonathan are still struggling to rebuild their shattered lives. As the holiday season approaches, they try to embrace the Christmas spirit and leave the horrors of the past behind. But just when they think they're safe, Art returns, determined to turn their holiday cheer into a new nightmare. The festive season quickly unravels as Art unleashes his twisted brand of terror, proving that no holiday is safe."
}