{
    "id": 1035369,
    "title": "It's Christmas Again",
    "release_year": "2022",
    "genres": [
        "Romance",
        "Drama",
        "Music"
    ],
    "average_rating": 3.333,
    "num_votes": 3,
    "description": "Jake wants nothing more than to spend his Christmas vacation with his girlfriend Abbey. So when Abbey volunteers for her church\u2019s Christmas play, Jake is ready to skip Christmas this year until an unexpected turn of events lands him in a field outside Bethlehem on the night Jesus was born. While on his journey with the shepherds to find the promised Messiah, Jake discovers the true meaning of Christmas."
}