{
    "id": 10357,
    "title": "Volcano",
    "release_year": "1997",
    "genres": [
        "Science Fiction",
        "Action",
        "Drama",
        "Thriller"
    ],
    "average_rating": 5.923,
    "num_votes": 1529,
    "description": "An earthquake shatters a peaceful Los Angeles morning and opens a fissure deep into the earth, causing lava to start bubbling up. As a volcano begins forming in the La Brea Tar Pits, the director of the city's emergency management service, working with a geologist, must then use every resource in the city to try and stop the volcano from consuming LA."
}