{
    "id": 1035982,
    "title": "Hell House LLC Origins - The Carmichael Manor",
    "release_year": "2023",
    "genres": [
        "Horror",
        "Mystery"
    ],
    "average_rating": 6.425,
    "num_votes": 114,
    "description": "A group of cold case investigators stay at the Carmichael Manor, site of the grisly and unsolved murders of the Carmichael family back in the eighties. After four nights, the group was never heard from again. What is discovered on their footage is even more disturbing than anything found on the Hell House tapes."
}