{
    "id": 10376,
    "title": "The Legend of 1900",
    "release_year": "1998",
    "genres": [
        "Drama",
        "Music"
    ],
    "average_rating": 8.26,
    "num_votes": 2272,
    "description": "The story of a virtuoso piano player who lives his entire life aboard an ocean liner. Born and raised on the ship, 1900 (Tim Roth) learned about the outside world through interactions with passengers, never setting foot on land, even for the love of his life. Years later, the ship may be destroyed, and a former band member fears that 1900 may still be aboard, willing to go down with the ship."
}