{
    "id": 10380,
    "title": "An American Tail: Fievel Goes West",
    "release_year": "1991",
    "genres": [
        "Animation",
        "Family",
        "Western",
        "Adventure",
        "Comedy"
    ],
    "average_rating": 6.3,
    "num_votes": 730,
    "description": "Some time after the Mousekewitz's have settled in America, they find that they are still having problems with the threat of cats. That makes them eager to try another home out in the west, where they are promised that mice and cats live in peace. Unfortunately, the one making this claim is an oily con artist named Cat R. Waul who is intent on his own sinister plan."
}