{
    "id": 1039690,
    "title": "Desperation Road",
    "release_year": "2023",
    "genres": [
        "Thriller",
        "Action",
        "Crime",
        "Drama"
    ],
    "average_rating": 6.8,
    "num_votes": 114,
    "description": "Ex-con Russell Gaines is attempting to rebuild his life with the help of his father, Mitchell. However, the arrival of Maben sends his new life into chaos, leading the pair to go on the run - as their violent pasts catch up to them, the pair must learn to trust each other if they hope to live out the rest of their days."
}