{
    "id": 10393,
    "title": "The Replacements",
    "release_year": "2000",
    "genres": [
        "Comedy"
    ],
    "average_rating": 6.65,
    "num_votes": 965,
    "description": "Maverick old-guard coach Jimmy McGinty is hired in the wake of a players' strike to help the Washington Sentinels advance to the playoffs. But that impossible dream hinges on whether his replacements can hunker down and do the job. So, McGinty dusts off his secret dossier of ex-players who never got a chance (or screwed up the one they were given) and knits together a bad-dream team of guys who just may give the Sentinels their title shot."
}