{
    "id": 1039960,
    "title": "Monster High 2",
    "release_year": "2023",
    "genres": [
        "Fantasy",
        "Science Fiction",
        "Action",
        "Adventure"
    ],
    "average_rating": 6.8,
    "num_votes": 81,
    "description": "As they enter sophomore year at Monster High, Clawdeen Wolf, Draculaura and Frankie Stein face new students, new powers, and an even bigger threat that could not only tear their friendship apart but could change the world forever."
}