{
    "id": 104,
    "title": "Run Lola Run",
    "release_year": "1998",
    "genres": [
        "Action",
        "Drama",
        "Thriller"
    ],
    "average_rating": 7.3,
    "num_votes": 2271,
    "description": "Lola receives a phone call from her boyfriend Manni. He lost 100,000 DM in a subway train that belongs to a very bad guy. She has 20 minutes to raise this amount and meet Manni. Otherwise, he will rob a store to get the money. Three different alternatives may happen depending on some minor event along Lola's run."
}