{
    "id": 10407,
    "title": "Housesitter",
    "release_year": "1992",
    "genres": [
        "Comedy",
        "Romance"
    ],
    "average_rating": 6.12,
    "num_votes": 437,
    "description": "After building his dream house, architect Newton Davis proposes marriage to his girlfriend, only to be summarily rejected. He seeks solace in a one-night stand with a waitress, never imagining that a woman he slept with once would end up posing as his wife. Gwen's ruse is so effective that by the time Newton learns of his \"marriage,\" the entire town feels like they know him."
}