{
    "id": 1040148,
    "title": "Ruby Gillman, Teenage Kraken",
    "release_year": "2023",
    "genres": [
        "Animation",
        "Family",
        "Fantasy",
        "Comedy"
    ],
    "average_rating": 7.25,
    "num_votes": 983,
    "description": "Ruby Gillman, a sweet and awkward high school student, discovers she's a direct descendant of the warrior kraken queens. The kraken are sworn to protect the oceans of the world against the vain, power-hungry mermaids. Destined to inherit the throne from her commanding grandmother, Ruby must use her newfound powers to protect those she loves most."
}