{
    "id": 10412,
    "title": "Romper Stomper",
    "release_year": "1992",
    "genres": [
        "Action",
        "Drama",
        "Thriller"
    ],
    "average_rating": 6.556,
    "num_votes": 501,
    "description": "Nazi skinheads in Melbourne take out their anger on local Vietnamese, who are seen as threatening racial purity. Finally the Vietnamese have had enough and confront the skinheads in an all-out confrontation, sending the skinheads running. A woman who is prone to epileptic seizures joins the skins' merry band, and helps them on their run from justice, but is her affliction also a sign of impurity?"
}