{
    "id": 1041513,
    "title": "Encanto at the Hollywood Bowl",
    "release_year": "2022",
    "genres": [
        "Music",
        "Documentary"
    ],
    "average_rating": 7.0,
    "num_votes": 158,
    "description": "A taped performance of the Encanto Live-to-Film Concert Experience at the Hollywood Bowl. The original cast puts on a miracle of a concert as they sing the favorite songs, accompanied by a full orchestra and 50 person ensemble, and the Hollywood Bowl transforms into Casita!"
}