{
    "id": 10423,
    "title": "Dragon: The Bruce Lee Story",
    "release_year": "1993",
    "genres": [
        "Drama",
        "History",
        "Action"
    ],
    "average_rating": 6.917,
    "num_votes": 743,
    "description": "This film is a glimpse into the life, love and the unconquerable spirit of the legendary Bruce Lee. From a childhood of rigorous martial arts training, Lee realizes his dream of opening his own kung-fu school in America. Before long, he is discovered by a Hollywood producer and begins a meteoric rise to fame and an all too short reign as one the most charismatic action heroes in cinema history."
}