{
    "id": 10428,
    "title": "Hackers",
    "release_year": "1995",
    "genres": [
        "Action",
        "Crime",
        "Thriller",
        "Drama"
    ],
    "average_rating": 6.351,
    "num_votes": 1299,
    "description": "Along with his new friends, a teenager who was arrested by the US Secret Service and banned from using a computer for writing a computer virus discovers a plot by a nefarious hacker, but they must use their computer skills to find the evidence while being pursued by the Secret Service and the evil computer genius behind the virus."
}