{
    "id": 10437,
    "title": "The Muppet Christmas Carol",
    "release_year": "1992",
    "genres": [
        "Music",
        "Comedy",
        "Family",
        "Fantasy",
        "Drama"
    ],
    "average_rating": 7.396,
    "num_votes": 1019,
    "description": "A retelling of the classic Dickens tale of Ebenezer Scrooge, miser extraordinaire. He is held accountable for his dastardly ways during night-time visitations by the Ghosts of Christmas Past, Present and Future."
}