{
    "id": 10431,
    "title": "War",
    "release_year": "2007",
    "genres": [
        "Action",
        "Thriller"
    ],
    "average_rating": 6.398,
    "num_votes": 1869,
    "description": "FBI agent Jack Crawford is out for revenge when his partner is killed and all clues point to the mysterious assassin Rogue. But when Rogue turns up years later to take care of some unfinished business, he triggers a violent clash of rival gangs. Will the truth come out before it's too late? And when the dust settles, who will remain standing?"
}