{
    "id": 10451,
    "title": "Eat Drink Man Woman",
    "release_year": "1994",
    "genres": [
        "Comedy",
        "Drama",
        "Romance"
    ],
    "average_rating": 7.6,
    "num_votes": 341,
    "description": "A retired and widowed Chinese master chef Chu and his family live in modern day Taipei, Taiwan. He lives with his three attractive daughters, all of whom are unattached. Soon, each of the daughters encounter new men in their lives. When these new relationships blossom, stereotypes are broken and the living situation within the family changes."
}