{
    "id": 1047020,
    "title": "The Last Stop in Yuma County",
    "release_year": "2024",
    "genres": [
        "Crime",
        "Thriller"
    ],
    "average_rating": 7.105,
    "num_votes": 143,
    "description": "While awaiting the next fuel truck at a middle-of-nowhere Arizona rest stop, a traveling young knife salesman is thrust into a high-stakes hostage situation by the arrival of two similarly stranded bank robbers with no qualms about using cruelty\u2014or cold, hard steel\u2014to protect their bloodstained, ill-gotten fortune."
}