{
    "id": 1047041,
    "title": "Detective Conan: Black Iron Submarine",
    "release_year": "2023",
    "genres": [
        "Animation",
        "Action",
        "Crime",
        "Mystery"
    ],
    "average_rating": 6.896,
    "num_votes": 106,
    "description": "Many engineers from around the world gather at the Interpol marine facility \"Pacific Buoy\" on Hachijo-jima, in the sea south of central Tokyo Prefecture coast, to witness the launch of a new system that connects all law enforcement camera systems around the world and enables facial recognition worldwide. Conan, along with his friends Kogoro, Ran, Agasa, Haibara, and the Detective Boys, also heads to the island with an invitation from Sonoko to see the whales. He receives a message from Subaru, who says that a Europol agent has been murdered in Germany by Gin. Perturbed, Conan sneaks onto the police ship led by Kuroda, which is bringing them to the island to protect the completion work, and tours the new facility, just in time for the Black Organization to kidnap a female engineer, seeking a piece of important data in her USB drive. A terrifying howl of screws is heard from the ocean as an unknown person approaches Haibara."
}