{
    "id": 1048522,
    "title": "Fremont",
    "release_year": "2023",
    "genres": [
        "Comedy",
        "Drama"
    ],
    "average_rating": 6.418,
    "num_votes": 79,
    "description": "Donya, a lonely Afghan refugee and former translator, spends her twenties drifting through a meager existence in Fremont, California. Shuttling between her job writing fortunes for a fortune cookie factory and sessions with her eccentric therapist, Donya suffers from insomnia and survivor's guilt over those still left behind in Kabul as she desperately searches for love."
}