{
    "id": 10481,
    "title": "102 Dalmatians",
    "release_year": "2000",
    "genres": [
        "Family",
        "Comedy"
    ],
    "average_rating": 5.5,
    "num_votes": 1366,
    "description": "Get ready for a howling good time as an all new assortment of irresistible animal heroes are unleashed in this great family tail! In an unlikely alliance, the outrageous Waddlesworth - a parrot who thinks he's a Rottweiler - teams up with Oddball - an un-marked Dalmatian puppy eager to earn her spots! Together they embark on a laugh-packed quest to outwit the ever-scheming Cruella De Vil."
}