{
    "id": 1049574,
    "title": "Darkness of Man",
    "release_year": "2024",
    "genres": [
        "Action"
    ],
    "average_rating": 6.576,
    "num_votes": 157,
    "description": "Russell Hatch, an Interpol operative who takes on the role of father figure to Jayden, the son of an informant killed in a routine raid gone wrong. Years later, Hatch finds himself protecting Jayden and his grandfather from a group of merciless gangs in an all-out turf war, stopping at nothing to protect Jayden and fight anyone getting in his way."
}