{
    "id": 1051896,
    "title": "Arcadian",
    "release_year": "2024",
    "genres": [
        "Action",
        "Horror",
        "Thriller",
        "Science Fiction"
    ],
    "average_rating": 6.135,
    "num_votes": 561,
    "description": "In the near future, on a decimated Earth, Paul and his twin sons face terror at night when ferocious creatures awaken. When Paul is nearly killed, the boys come up with a plan for survival, using everything their father taught them to keep him alive."
}