{
    "id": 1051547,
    "title": "Upon Entry",
    "release_year": "2023",
    "genres": [
        "Drama"
    ],
    "average_rating": 6.804,
    "num_votes": 107,
    "description": "Diego, a Venezuelan urbanist, and Elena, a contemporary dancer from Barcelona, move to the United States with their approved visas to start a new life. Their intention is to boost their professional careers and start a family in 'the land of opportunities'. But upon entering New York airport's immigration area, they are taken to the secondary inspection room, where border officers will subject them to an unpleasant inspection process and a psychologically grueling interrogation."
}