{
    "id": 10516,
    "title": "The Gendarme and the Creatures from Outer Space",
    "release_year": "1979",
    "genres": [
        "Comedy",
        "Science Fiction"
    ],
    "average_rating": 6.07,
    "num_votes": 611,
    "description": "The bungling inspector Cruchot finds himself trying to save the residents of St. Tropez from some oil-drinking humanoid aliens. The only way to tell the aliens from the real people, besides their constant thirst for oil-products, is that they sound like empty garbage cans when you touch them. Chaos is ahead."
}