{
    "id": 10510,
    "title": "Miracle on 34th Street",
    "release_year": "1994",
    "genres": [
        "Fantasy",
        "Drama",
        "Family"
    ],
    "average_rating": 6.7,
    "num_votes": 1055,
    "description": "Six-year-old Susan Walker has doubts about childhood's most enduring miracle\u2014Santa Claus. Her mother told her the secret about Santa a long time ago, but, after meeting a special department store Santa who's convinced he's the real thing, Susan is given the most precious gift of all\u2014something to believe in."
}