{
    "id": 10527,
    "title": "Madagascar: Escape 2 Africa",
    "release_year": "2008",
    "genres": [
        "Family",
        "Adventure",
        "Animation",
        "Comedy"
    ],
    "average_rating": 6.5,
    "num_votes": 6922,
    "description": "Alex, Marty, and other zoo animals find a way to escape from Madagascar when the penguins reassemble a wrecked airplane. The precariously repaired craft stays airborne just long enough to make it to the African continent. There the New Yorkers encounter members of their own species for the first time. Africa proves to be a wild place, but Alex and company wonder if it is better than their Central Park home."
}