{
    "id": 10543,
    "title": "Fear",
    "release_year": "1996",
    "genres": [
        "Thriller"
    ],
    "average_rating": 6.435,
    "num_votes": 841,
    "description": "Nicole Walker always dreamed of being swept away by someone special \u2014 someone strong, sexy and sensitive who would care for her more than anything else in the world. David is all that and more: a modern-day knight who charms and seduces her, body and soul. But her perfect boyfriend is not all he seems to be. His sweet facade masks a savage, dark side that will soon transform Nicole's dream into a nightmare."
}