{
    "id": 10552,
    "title": "Cat's Eye",
    "release_year": "1985",
    "genres": [
        "Horror",
        "Thriller"
    ],
    "average_rating": 6.725,
    "num_votes": 655,
    "description": "Three short stories linked by a stray cat that roams from one tale to the next, in this creepy triptych that begins as Dick tries to quit smoking by any means necessary. Next, we meet Johnny, an adulterous man who's forced by his lover's husband onto a building's hazardous ledge. Finally, Amanda is threatened by an evil gnome who throws suspicion on the family cat."
}