{
    "id": 10559,
    "title": "Frequency",
    "release_year": "2000",
    "genres": [
        "Science Fiction",
        "Thriller"
    ],
    "average_rating": 7.2,
    "num_votes": 1789,
    "description": "When a rare phenomenon gives police officer John Sullivan the chance to speak to his father, 30 years in the past, he takes the opportunity to prevent his dad's tragic death.  After his actions inadvertently give rise to a series of brutal murders he and his father must find a way to fix the consequences of altering time."
}