{
    "id": 10562,
    "title": "Under Suspicion",
    "release_year": "2000",
    "genres": [
        "Thriller",
        "Crime",
        "Drama"
    ],
    "average_rating": 6.099,
    "num_votes": 460,
    "description": "A lawyer is asked to come to the police station to clear up a few loose ends in his witness report of a foul murder. \"This will only take ten minutes\", they say, but it turns out to be one loose end after another, and the ten minutes he is away from his speech become longer and longer."
}