{
    "id": 1057872,
    "title": "Tokyo Revengers 2 Part 1: Bloody Halloween - Destiny",
    "release_year": "2023",
    "genres": [
        "Action",
        "Crime",
        "Drama"
    ],
    "average_rating": 6.8,
    "num_votes": 25,
    "description": "Hinata is murdered again by the Tokyo Manjikai Gang in front of Takemichi. In order to save Hinata, Takemichi travels 10 years back in time again. Takemichi has to change a key case that can save Hinata. The key case involves a sad incident that occurred to 6 men, who later formed the Tokyo Manjikai Gang."
}